{
	"start":	{
		"connected":	[{
				"socket":	5,
				"local_host":	"192.168.1.1",
				"local_port":	33664,
				"remote_host":	"192.168.4.2",
				"remote_port":	5201
			}],
		"version":	"iperf 3.5",
		"system_info":	"Linux h1 4.18.0-513.5.1.el8_9.x86_64 #1 SMP Fri Nov 17 03:31:10 UTC 2023 x86_64",
		"timestamp":	{
			"time":	"Tue, 30 Jan 2024 06:21:46 GMT",
			"timesecs":	1706595706
		},
		"connecting_to":	{
			"host":	"192.168.4.2",
			"port":	5201
		},
		"cookie":	"w2hkmyii5jykebb4d2mppujha3s7ym4ygrf2",
		"tcp_mss_default":	1448,
		"sock_bufsize":	0,
		"sndbuf_actual":	16384,
		"rcvbuf_actual":	87380,
		"test_start":	{
			"protocol":	"TCP",
			"num_streams":	1,
			"blksize":	131072,
			"omit":	0,
			"duration":	0,
			"bytes":	1073741824,
			"blocks":	0,
			"reverse":	0,
			"tos":	0
		}
	},
	"intervals":	[{
			"streams":	[{
					"socket":	5,
					"start":	0,
					"end":	2.0000970363616943,
					"seconds":	2.0000970363616943,
					"bytes":	45625304,
					"bits_per_second":	182492361.80258682,
					"retransmits":	10,
					"snd_cwnd":	3246416,
					"rtt":	87545,
					"rttvar":	414,
					"pmtu":	1500,
					"omitted":	false
				}],
			"sum":	{
				"start":	0,
				"end":	2.0000970363616943,
				"seconds":	2.0000970363616943,
				"bytes":	45625304,
				"bits_per_second":	182492361.80258682,
				"retransmits":	10,
				"omitted":	false
			}
		}, {
			"streams":	[{
					"socket":	5,
					"start":	2.0000970363616943,
					"end":	4.0000729560852051,
					"seconds":	1.9999759197235107,
					"bytes":	69468160,
					"bits_per_second":	277875985.66528225,
					"retransmits":	0,
					"snd_cwnd":	3246416,
					"rtt":	87226,
					"rttvar":	88,
					"pmtu":	1500,
					"omitted":	false
				}],
			"sum":	{
				"start":	2.0000970363616943,
				"end":	4.0000729560852051,
				"seconds":	1.9999759197235107,
				"bytes":	69468160,
				"bits_per_second":	277875985.66528225,
				"retransmits":	0,
				"omitted":	false
			}
		}, {
			"streams":	[{
					"socket":	5,
					"start":	4.0000729560852051,
					"end":	6.0000700950622559,
					"seconds":	1.9999971389770508,
					"bytes":	69468160,
					"bits_per_second":	277873037.50056863,
					"retransmits":	0,
					"snd_cwnd":	3246416,
					"rtt":	87223,
					"rttvar":	11,
					"pmtu":	1500,
					"omitted":	false
				}],
			"sum":	{
				"start":	4.0000729560852051,
				"end":	6.0000700950622559,
				"seconds":	1.9999971389770508,
				"bytes":	69468160,
				"bits_per_second":	277873037.50056863,
				"retransmits":	0,
				"omitted":	false
			}
		}, {
			"streams":	[{
					"socket":	5,
					"start":	6.0000700950622559,
					"end":	8.00006890296936,
					"seconds":	1.9999988079071045,
					"bytes":	70778880,
					"bits_per_second":	283115688.75010061,
					"retransmits":	0,
					"snd_cwnd":	3246416,
					"rtt":	87328,
					"rttvar":	121,
					"pmtu":	1500,
					"omitted":	false
				}],
			"sum":	{
				"start":	6.0000700950622559,
				"end":	8.00006890296936,
				"seconds":	1.9999988079071045,
				"bytes":	70778880,
				"bits_per_second":	283115688.75010061,
				"retransmits":	0,
				"omitted":	false
			}
		}, {
			"streams":	[{
					"socket":	5,
					"start":	8.00006890296936,
					"end":	10.000071048736572,
					"seconds":	2.0000021457672119,
					"bytes":	70778880,
					"bits_per_second":	283115216.25032586,
					"retransmits":	0,
					"snd_cwnd":	3246416,
					"rtt":	87287,
					"rttvar":	108,
					"pmtu":	1500,
					"omitted":	false
				}],
			"sum":	{
				"start":	8.00006890296936,
				"end":	10.000071048736572,
				"seconds":	2.0000021457672119,
				"bytes":	70778880,
				"bits_per_second":	283115216.25032586,
				"retransmits":	0,
				"omitted":	false
			}
		}, {
			"streams":	[{
					"socket":	5,
					"start":	10.000071048736572,
					"end":	12.000066041946411,
					"seconds":	1.9999949932098389,
					"bytes":	68157440,
					"bits_per_second":	272630442.50170857,
					"retransmits":	77,
					"snd_cwnd":	2271912,
					"rtt":	87357,
					"rttvar":	367,
					"pmtu":	1500,
					"omitted":	false
				}],
			"sum":	{
				"start":	10.000071048736572,
				"end":	12.000066041946411,
				"seconds":	1.9999949932098389,
				"bytes":	68157440,
				"bits_per_second":	272630442.50170857,
				"retransmits":	77,
				"omitted":	false
			}
		}, {
			"streams":	[{
					"socket":	5,
					"start":	12.000066041946411,
					"end":	14.000070095062256,
					"seconds":	2.0000040531158447,
					"bytes":	55050240,
					"bits_per_second":	220200513.75090435,
					"retransmits":	0,
					"snd_cwnd":	2516624,
					"rtt":	87631,
					"rttvar":	28,
					"pmtu":	1500,
					"omitted":	false
				}],
			"sum":	{
				"start":	12.000066041946411,
				"end":	14.000070095062256,
				"seconds":	2.0000040531158447,
				"bytes":	55050240,
				"bits_per_second":	220200513.75090435,
				"retransmits":	0,
				"omitted":	false
			}
		}, {
			"streams":	[{
					"socket":	5,
					"start":	14.000070095062256,
					"end":	16.000097990036011,
					"seconds":	2.0000278949737549,
					"bytes":	57671680,
					"bits_per_second":	230683502.54487541,
					"retransmits":	0,
					"snd_cwnd":	2661424,
					"rtt":	87122,
					"rttvar":	100,
					"pmtu":	1500,
					"omitted":	false
				}],
			"sum":	{
				"start":	14.000070095062256,
				"end":	16.000097990036011,
				"seconds":	2.0000278949737549,
				"bytes":	57671680,
				"bits_per_second":	230683502.54487541,
				"retransmits":	0,
				"omitted":	false
			}
		}, {
			"streams":	[{
					"socket":	5,
					"start":	16.000097990036011,
					"end":	18.000086069107056,
					"seconds":	1.9999880790710449,
					"bytes":	61603840,
					"bits_per_second":	246416828.75875449,
					"retransmits":	0,
					"snd_cwnd":	2733824,
					"rtt":	87053,
					"rttvar":	38,
					"pmtu":	1500,
					"omitted":	false
				}],
			"sum":	{
				"start":	16.000097990036011,
				"end":	18.000086069107056,
				"seconds":	1.9999880790710449,
				"bytes":	61603840,
				"bits_per_second":	246416828.75875449,
				"retransmits":	0,
				"omitted":	false
			}
		}, {
			"streams":	[{
					"socket":	5,
					"start":	18.000086069107056,
					"end":	20.000081062316895,
					"seconds":	1.9999949932098389,
					"bytes":	62914560,
					"bits_per_second":	251658870.00157714,
					"retransmits":	0,
					"snd_cwnd":	2756992,
					"rtt":	87109,
					"rttvar":	97,
					"pmtu":	1500,
					"omitted":	false
				}],
			"sum":	{
				"start":	18.000086069107056,
				"end":	20.000081062316895,
				"seconds":	1.9999949932098389,
				"bytes":	62914560,
				"bits_per_second":	251658870.00157714,
				"retransmits":	0,
				"omitted":	false
			}
		}, {
			"streams":	[{
					"socket":	5,
					"start":	20.000081062316895,
					"end":	22.000072002410889,
					"seconds":	1.9999909400939941,
					"bytes":	62914560,
					"bits_per_second":	251659380.00516418,
					"retransmits":	0,
					"snd_cwnd":	2758440,
					"rtt":	87091,
					"rttvar":	67,
					"pmtu":	1500,
					"omitted":	false
				}],
			"sum":	{
				"start":	20.000081062316895,
				"end":	22.000072002410889,
				"seconds":	1.9999909400939941,
				"bytes":	62914560,
				"bits_per_second":	251659380.00516418,
				"retransmits":	0,
				"omitted":	false
			}
		}, {
			"streams":	[{
					"socket":	5,
					"start":	22.000072002410889,
					"end":	24.000071048736572,
					"seconds":	1.9999990463256836,
					"bytes":	62914560,
					"bits_per_second":	251658360.00005722,
					"retransmits":	0,
					"snd_cwnd":	2767128,
					"rtt":	87146,
					"rttvar":	116,
					"pmtu":	1500,
					"omitted":	false
				}],
			"sum":	{
				"start":	22.000072002410889,
				"end":	24.000071048736572,
				"seconds":	1.9999990463256836,
				"bytes":	62914560,
				"bits_per_second":	251658360.00005722,
				"retransmits":	0,
				"omitted":	false
			}
		}, {
			"streams":	[{
					"socket":	5,
					"start":	24.000071048736572,
					"end":	26.000070095062256,
					"seconds":	1.9999990463256836,
					"bytes":	62914560,
					"bits_per_second":	251658360.00005722,
					"retransmits":	0,
					"snd_cwnd":	2809120,
					"rtt":	87111,
					"rttvar":	79,
					"pmtu":	1500,