{
	"start":	{
		"connected":	[{
				"socket":	5,
				"local_host":	"192.168.1.1",
				"local_port":	43034,
				"remote_host":	"192.168.4.2",
				"remote_port":	5201
			}],
		"version":	"iperf 3.5",
		"system_info":	"Linux h1 4.18.0-513.5.1.el8_9.x86_64 #1 SMP Fri Nov 17 03:31:10 UTC 2023 x86_64",
		"timestamp":	{
			"time":	"Tue, 30 Jan 2024 07:30:55 GMT",
			"timesecs":	1706599855
		},
		"connecting_to":	{
			"host":	"192.168.4.2",
			"port":	5201
		},
		"cookie":	"ekdzrqbnivcpphhhwjhfn7m7bdlvojhuakqm",
		"tcp_mss_default":	1448,
		"sock_bufsize":	0,
		"sndbuf_actual":	16384,
		"rcvbuf_actual":	87380,
		"test_start":	{
			"protocol":	"TCP",
			"num_streams":	1,
			"blksize":	131072,
			"omit":	0,
			"duration":	0,
			"bytes":	1073741824,
			"blocks":	0,
			"reverse":	0,
			"tos":	0
		}
	},
	"intervals":	[{
			"streams":	[{
					"socket":	5,
					"start":	0,
					"end":	2.0000669956207275,
					"seconds":	2.0000669956207275,
					"bytes":	45651824,
					"bits_per_second":	182601179.26032493,
					"retransmits":	0,
					"snd_cwnd":	9294712,
					"rtt":	87170,
					"rttvar":	85,
					"pmtu":	1500,
					"omitted":	false
				}],
			"sum":	{
				"start":	0,
				"end":	2.0000669956207275,
				"seconds":	2.0000669956207275,
				"bytes":	45651824,
				"bits_per_second":	182601179.26032493,
				"retransmits":	0,
				"omitted":	false
			}
		}, {
			"streams":	[{
					"socket":	5,
					"start":	2.0000669956207275,
					"end":	4.0000591278076172,
					"seconds":	1.9999921321868896,
					"bytes":	70778880,
					"bits_per_second":	283116633.75438142,
					"retransmits":	0,
					"snd_cwnd":	9294712,
					"rtt":	87155,
					"rttvar":	170,
					"pmtu":	1500,
					"omitted":	false
				}],
			"sum":	{
				"start":	2.0000669956207275,
				"end":	4.0000591278076172,
				"seconds":	1.9999921321868896,
				"bytes":	70778880,
				"bits_per_second":	283116633.75438142,
				"retransmits":	0,
				"omitted":	false
			}
		}, {
			"streams":	[{
					"socket":	5,
					"start":	4.0000591278076172,
					"end":	6.0000629425048828,
					"seconds":	2.0000038146972656,
					"bytes":	69468160,
					"bits_per_second":	277872110.00101089,
					"retransmits":	0,
					"snd_cwnd":	9294712,
					"rtt":	87137,
					"rttvar":	137,
					"pmtu":	1500,
					"omitted":	false
				}],
			"sum":	{
				"start":	4.0000591278076172,
				"end":	6.0000629425048828,
				"seconds":	2.0000038146972656,
				"bytes":	69468160,
				"bits_per_second":	277872110.00101089,
				"retransmits":	0,
				"omitted":	false
			}
		}, {
			"streams":	[{
					"socket":	5,
					"start":	6.0000629425048828,
					"end":	8.0000650882720947,
					"seconds":	2.0000021457672119,
					"bytes":	69468160,
					"bits_per_second":	277872341.87531984,
					"retransmits":	0,
					"snd_cwnd":	9294712,
					"rtt":	87233,
					"rttvar":	208,
					"pmtu":	1500,
					"omitted":	false
				}],
			"sum":	{
				"start":	6.0000629425048828,
				"end":	8.0000650882720947,
				"seconds":	2.0000021457672119,
				"bytes":	69468160,
				"bits_per_second":	277872341.87531984,
				"retransmits":	0,
				"omitted":	false
			}
		}, {
			"streams":	[{
					"socket":	5,
					"start":	8.0000650882720947,
					"end":	10.000066995620728,
					"seconds":	2.0000019073486328,
					"bytes":	69468160,
					"bits_per_second":	277872375.00025272,
					"retransmits":	0,
					"snd_cwnd":	9294712,
					"rtt":	87181,
					"rttvar":	97,
					"pmtu":	1500,
					"omitted":	false
				}],
			"sum":	{
				"start":	8.0000650882720947,
				"end":	10.000066995620728,
				"seconds":	2.0000019073486328,
				"bytes":	69468160,
				"bits_per_second":	277872375.00025272,
				"retransmits":	0,
				"omitted":	false
			}
		}, {
			"streams":	[{
					"socket":	5,
					"start":	10.000066995620728,
					"end":	12.000059127807617,
					"seconds":	1.9999921321868896,
					"bytes":	70778880,
					"bits_per_second":	283116633.75438142,
					"retransmits":	0,
					"snd_cwnd":	9294712,
					"rtt":	87149,
					"rttvar":	125,
					"pmtu":	1500,
					"omitted":	false
				}],
			"sum":	{
				"start":	10.000066995620728,
				"end":	12.000059127807617,
				"seconds":	1.9999921321868896,
				"bytes":	70778880,
				"bits_per_second":	283116633.75438142,
				"retransmits":	0,
				"omitted":	false
			}
		}, {
			"streams":	[{
					"socket":	5,
					"start":	12.000059127807617,
					"end":	14.000066041946411,
					"seconds":	2.0000069141387939,
					"bytes":	69468160,
					"bits_per_second":	277871679.37832093,
					"retransmits":	0,
					"snd_cwnd":	9294712,
					"rtt":	87203,
					"rttvar":	81,
					"pmtu":	1500,
					"omitted":	false
				}],
			"sum":	{
				"start":	12.000059127807617,
				"end":	14.000066041946411,
				"seconds":	2.0000069141387939,
				"bytes":	69468160,
				"bits_per_second":	277871679.37832093,
				"retransmits":	0,
				"omitted":	false
			}
		}, {
			"streams":	[{
					"socket":	5,
					"start":	14.000066041946411,
					"end":	16.00006103515625,
					"seconds":	1.9999949932098389,
					"bytes":	69468160,
					"bits_per_second":	277873335.62674141,
					"retransmits":	0,
					"snd_cwnd":	9294712,
					"rtt":	87139,
					"rttvar":	70,
					"pmtu":	1500,
					"omitted":	false
				}],
			"sum":	{
				"start":	14.000066041946411,
				"end":	16.00006103515625,
				"seconds":	1.9999949932098389,
				"bytes":	69468160,
				"bits_per_second":	277873335.62674141,
				"retransmits":	0,
				"omitted":	false
			}
		}, {
			"streams":	[{
					"socket":	5,
					"start":	16.00006103515625,
					"end":	18.000060081481934,
					"seconds":	1.9999990463256836,
					"bytes":	69468160,
					"bits_per_second":	277872772.50006318,
					"retransmits":	0,
					"snd_cwnd":	9294712,
					"rtt":	87174,
					"rttvar":	118,
					"pmtu":	1500,
					"omitted":	false
				}],
			"sum":	{
				"start":	16.00006103515625,
				"end":	18.000060081481934,
				"seconds":	1.9999990463256836,
				"bytes":	69468160,
				"bits_per_second":	277872772.50006318,
				"retransmits":	0,
				"omitted":	false
			}
		}, {
			"streams":	[{
					"socket":	5,
					"start":	18.000060081481934,
					"end":	20.000061988830566,
					"seconds":	2.0000019073486328,
					"bytes":	69468160,
					"bits_per_second":	277872375.00025272,
					"retransmits":	0,
					"snd_cwnd":	9294712,
					"rtt":	87266,
					"rttvar":	295,
					"pmtu":	1500,
					"omitted":	false
				}],
			"sum":	{
				"start":	18.000060081481934,
				"end":	20.000061988830566,
				"seconds":	2.0000019073486328,
				"bytes":	69468160,
				"bits_per_second":	277872375.00025272,
				"retransmits":	0,
				"omitted":	false
			}
		}, {
			"streams":	[{
					"socket":	5,
					"start":	20.000061988830566,
					"end":	22.000060081481934,
					"seconds":	1.9999980926513672,
					"bytes":	70778880,
					"bits_per_second":	283115790.00025749,
					"retransmits":	0,
					"snd_cwnd":	9294712,
					"rtt":	87085,
					"rttvar":	69,
					"pmtu":	1500,
					"omitted":	false
				}],
			"sum":	{
				"start":	20.000061988830566,
				"end":	22.000060081481934,
				"seconds":	1.9999980926513672,
				"bytes":	70778880,
				"bits_per_second":	283115790.00025749,
				"retransmits":	0,
				"omitted":	false
			}
		}, {
			"streams":	[{
					"socket":	5,
					"start":	22.000060081481934,
					"end":	24.000040054321289,
					"seconds":	1.9999799728393555,
					"bytes":	69468160,
					"bits_per_second":	277875422.52786309,
					"retransmits":	0,
					"snd_cwnd":	9294712,
					"rtt":	87102,
					"rttvar":	73,
					"pmtu":	1500,
					"omitted":	false
				}],
			"sum":	{
				"start":	22.000060081481934,
				"end":	24.000040054321289,
				"seconds":	1.9999799728393555,
				"bytes":	69468160,
				"bits_per_second":	277875422.52786309,
				"retransmits":	0,
				"omitted":	false
			}
		}, {
			"streams":	[{
					"socket":	5,
					"start":	24.000040054321289,
					"end":	26.000034093856812,
					"seconds":	1.9999940395355225,
					"bytes":	69468160,
					"bits_per_second":	277873468.127468,
					"retransmits":	0,
					"snd_cwnd":	9294712,
					"rtt":	87174,
					"rttvar":	72,
					"pmtu":	1500,