{
	"start":	{
		"connected":	[{
				"socket":	5,
				"local_host":	"192.168.1.1",
				"local_port":	39234,
				"remote_host":	"192.168.4.2",
				"remote_port":	5201
			}],
		"version":	"iperf 3.5",
		"system_info":	"Linux h1 4.18.0-513.5.1.el8_9.x86_64 #1 SMP Fri Nov 17 03:31:10 UTC 2023 x86_64",
		"timestamp":	{
			"time":	"Tue, 30 Jan 2024 07:06:33 GMT",
			"timesecs":	1706598393
		},
		"connecting_to":	{
			"host":	"192.168.4.2",
			"port":	5201
		},
		"cookie":	"ab2qgqryqpkmohloqdxv5p63rjqb2pammbqb",
		"tcp_mss_default":	1448,
		"sock_bufsize":	0,
		"sndbuf_actual":	16384,
		"rcvbuf_actual":	87380,
		"test_start":	{
			"protocol":	"TCP",
			"num_streams":	1,
			"blksize":	131072,
			"omit":	0,
			"duration":	0,
			"bytes":	1073741824,
			"blocks":	0,
			"reverse":	0,
			"tos":	0
		}
	},
	"intervals":	[{
			"streams":	[{
					"socket":	5,
					"start":	0,
					"end":	2.0001089572906494,
					"seconds":	2.0001089572906494,
					"bytes":	36954448,
					"bits_per_second":	147809739.52562484,
					"retransmits":	97,
					"snd_cwnd":	2541240,
					"rtt":	87290,
					"rttvar":	41,
					"pmtu":	1500,
					"omitted":	false
				}],
			"sum":	{
				"start":	0,
				"end":	2.0001089572906494,
				"seconds":	2.0001089572906494,
				"bytes":	36954448,
				"bits_per_second":	147809739.52562484,
				"retransmits":	97,
				"omitted":	false
			}
		}, {
			"streams":	[{
					"socket":	5,
					"start":	2.0001089572906494,
					"end":	4.0000948905944824,
					"seconds":	1.999985933303833,
					"bytes":	60293120,
					"bits_per_second":	241174176.26193041,
					"retransmits":	14,
					"snd_cwnd":	2024304,
					"rtt":	87205,
					"rttvar":	71,
					"pmtu":	1500,
					"omitted":	false
				}],
			"sum":	{
				"start":	2.0001089572906494,
				"end":	4.0000948905944824,
				"seconds":	1.999985933303833,
				"bytes":	60293120,
				"bits_per_second":	241174176.26193041,
				"retransmits":	14,
				"omitted":	false
			}
		}, {
			"streams":	[{
					"socket":	5,
					"start":	4.0000948905944824,
					"end":	6.0000720024108887,
					"seconds":	1.9999771118164062,
					"bytes":	49807360,
					"bits_per_second":	199231720.02609283,
					"retransmits":	0,
					"snd_cwnd":	2241504,
					"rtt":	87172,
					"rttvar":	76,
					"pmtu":	1500,
					"omitted":	false
				}],
			"sum":	{
				"start":	4.0000948905944824,
				"end":	6.0000720024108887,
				"seconds":	1.9999771118164062,
				"bytes":	49807360,
				"bits_per_second":	199231720.02609283,
				"retransmits":	0,
				"omitted":	false
			}
		}, {
			"streams":	[{
					"socket":	5,
					"start":	6.0000720024108887,
					"end":	8.0000739097595215,
					"seconds":	2.0000019073486328,
					"bytes":	52428800,
					"bits_per_second":	209715000.00019073,
					"retransmits":	0,
					"snd_cwnd":	2364584,
					"rtt":	87129,
					"rttvar":	147,
					"pmtu":	1500,
					"omitted":	false
				}],
			"sum":	{
				"start":	6.0000720024108887,
				"end":	8.0000739097595215,
				"seconds":	2.0000019073486328,
				"bytes":	52428800,
				"bits_per_second":	209715000.00019073,
				"retransmits":	0,
				"omitted":	false
			}
		}, {
			"streams":	[{
					"socket":	5,
					"start":	8.0000739097595215,
					"end":	10.000078916549683,
					"seconds":	2.0000050067901611,
					"bytes":	55050240,
					"bits_per_second":	220200408.75138,
					"retransmits":	0,
					"snd_cwnd":	2418160,
					"rtt":	87107,
					"rttvar":	87,
					"pmtu":	1500,
					"omitted":	false
				}],
			"sum":	{
				"start":	8.0000739097595215,
				"end":	10.000078916549683,
				"seconds":	2.0000050067901611,
				"bytes":	55050240,
				"bits_per_second":	220200408.75138,
				"retransmits":	0,
				"omitted":	false
			}
		}, {
			"streams":	[{
					"socket":	5,
					"start":	10.000078916549683,
					"end":	12.000071048736572,
					"seconds":	1.9999921321868896,
					"bytes":	55050240,
					"bits_per_second":	220201826.25340775,
					"retransmits":	0,
					"snd_cwnd":	2431192,
					"rtt":	87137,
					"rttvar":	75,
					"pmtu":	1500,
					"omitted":	false
				}],
			"sum":	{
				"start":	10.000078916549683,
				"end":	12.000071048736572,
				"seconds":	1.9999921321868896,
				"bytes":	55050240,
				"bits_per_second":	220201826.25340775,
				"retransmits":	0,
				"omitted":	false
			}
		}, {
			"streams":	[{
					"socket":	5,
					"start":	12.000071048736572,
					"end":	14.000072956085205,
					"seconds":	2.0000019073486328,
					"bytes":	55050240,
					"bits_per_second":	220200750.00020027,
					"retransmits":	0,
					"snd_cwnd":	2431192,
					"rtt":	87217,
					"rttvar":	164,
					"pmtu":	1500,
					"omitted":	false
				}],
			"sum":	{
				"start":	12.000071048736572,
				"end":	14.000072956085205,
				"seconds":	2.0000019073486328,
				"bytes":	55050240,
				"bits_per_second":	220200750.00020027,
				"retransmits":	0,
				"omitted":	false
			}
		}, {
			"streams":	[{
					"socket":	5,
					"start":	14.000072956085205,
					"end":	16.000073909759521,
					"seconds":	2.0000009536743164,
					"bytes":	56360960,
					"bits_per_second":	225443732.50005126,
					"retransmits":	0,
					"snd_cwnd":	2448568,
					"rtt":	87099,
					"rttvar":	69,
					"pmtu":	1500,
					"omitted":	false
				}],
			"sum":	{
				"start":	14.000072956085205,
				"end":	16.000073909759521,
				"seconds":	2.0000009536743164,
				"bytes":	56360960,
				"bits_per_second":	225443732.50005126,
				"retransmits":	0,
				"omitted":	false
			}
		}, {
			"streams":	[{
					"socket":	5,
					"start":	16.000073909759521,
					"end":	18.00006103515625,
					"seconds":	1.9999871253967285,
					"bytes":	56360960,
					"bits_per_second":	225445291.25934219,
					"retransmits":	0,
					"snd_cwnd":	2507936,
					"rtt":	87130,
					"rttvar":	163,
					"pmtu":	1500,
					"omitted":	false
				}],
			"sum":	{
				"start":	16.000073909759521,
				"end":	18.00006103515625,
				"seconds":	1.9999871253967285,
				"bytes":	56360960,
				"bits_per_second":	225445291.25934219,
				"retransmits":	0,
				"omitted":	false
			}
		}, {
			"streams":	[{
					"socket":	5,
					"start":	18.00006103515625,
					"end":	20.000060081481934,
					"seconds":	1.9999990463256836,
					"bytes":	58982400,
					"bits_per_second":	235929712.50005364,
					"retransmits":	0,
					"snd_cwnd":	2641152,
					"rtt":	87106,
					"rttvar":	85,
					"pmtu":	1500,
					"omitted":	false
				}],
			"sum":	{
				"start":	18.00006103515625,
				"end":	20.000060081481934,
				"seconds":	1.9999990463256836,
				"bytes":	58982400,
				"bits_per_second":	235929712.50005364,
				"retransmits":	0,
				"omitted":	false
			}
		}, {
			"streams":	[{
					"socket":	5,
					"start":	20.000060081481934,
					"end":	22.000061988830566,
					"seconds":	2.0000019073486328,
					"bytes":	61603840,
					"bits_per_second":	246415125.00022411,
					"retransmits":	0,
					"snd_cwnd":	2872832,
					"rtt":	87086,
					"rttvar":	40,
					"pmtu":	1500,
					"omitted":	false
				}],
			"sum":	{
				"start":	20.000060081481934,
				"end":	22.000061988830566,
				"seconds":	2.0000019073486328,
				"bytes":	61603840,
				"bits_per_second":	246415125.00022411,
				"retransmits":	0,
				"omitted":	false
			}
		}, {
			"streams":	[{
					"socket":	5,
					"start":	22.000061988830566,
					"end":	24.000076055526733,
					"seconds":	2.000014066696167,
					"bytes":	68157440,
					"bits_per_second":	272627842.51348633,
					"retransmits":	0,
					"snd_cwnd":	3160984,
					"rtt":	87346,
					"rttvar":	140,
					"pmtu":	1500,
					"omitted":	false
				}],
			"sum":	{
				"start":	22.000061988830566,
				"end":	24.000076055526733,
				"seconds":	2.000014066696167,
				"bytes":	68157440,
				"bits_per_second":	272627842.51348633,
				"retransmits":	0,
				"omitted":	false
			}
		}, {
			"streams":	[{
					"socket":	5,
					"start":	24.000076055526733,
					"end":	26.000062942504883,
					"seconds":	1.9999868869781494,
					"bytes":	69468160,
					"bits_per_second":	277874461.88694525,
					"retransmits":	0,
					"snd_cwnd":	3160984,
					"rtt":	87385,
					"rttvar":	85,
					"pmtu":	1500,
					"omitted":	false
				}],