{
	"start":	{
		"connected":	[{
				"socket":	5,
				"local_host":	"192.168.1.1",
				"local_port":	57760,
				"remote_host":	"192.168.4.2",
				"remote_port":	5201
			}],
		"version":	"iperf 3.5",
		"system_info":	"Linux h1 4.18.0-513.5.1.el8_9.x86_64 #1 SMP Fri Nov 17 03:31:10 UTC 2023 x86_64",
		"timestamp":	{
			"time":	"Tue, 30 Jan 2024 05:36:37 GMT",
			"timesecs":	1706592997
		},
		"connecting_to":	{
			"host":	"192.168.4.2",
			"port":	5201
		},
		"cookie":	"lnspbi3vem5lz3au7dzdhsxoeivlndofxsaz",
		"tcp_mss_default":	1448,
		"sock_bufsize":	0,
		"sndbuf_actual":	16384,
		"rcvbuf_actual":	87380,
		"test_start":	{
			"protocol":	"TCP",
			"num_streams":	1,
			"blksize":	131072,
			"omit":	0,
			"duration":	0,
			"bytes":	1073741824,
			"blocks":	0,
			"reverse":	0,
			"tos":	0
		}
	},
	"intervals":	[{
			"streams":	[{
					"socket":	5,
					"start":	0,
					"end":	2.0000889301300049,
					"seconds":	2.0000889301300049,
					"bytes":	46390128,
					"bits_per_second":	185552261.4066352,
					"retransmits":	0,
					"snd_cwnd":	3356464,
					"rtt":	88008,
					"rttvar":	160,
					"pmtu":	1500,
					"omitted":	false
				}],
			"sum":	{
				"start":	0,
				"end":	2.0000889301300049,
				"seconds":	2.0000889301300049,
				"bytes":	46390128,
				"bits_per_second":	185552261.4066352,
				"retransmits":	0,
				"omitted":	false
			}
		}, {
			"streams":	[{
					"socket":	5,
					"start":	2.0000889301300049,
					"end":	4.0000729560852051,
					"seconds":	1.9999840259552002,
					"bytes":	70778880,
					"bits_per_second":	283117781.2680608,
					"retransmits":	0,
					"snd_cwnd":	3356464,
					"rtt":	87741,
					"rttvar":	189,
					"pmtu":	1500,
					"omitted":	false
				}],
			"sum":	{
				"start":	2.0000889301300049,
				"end":	4.0000729560852051,
				"seconds":	1.9999840259552002,
				"bytes":	70778880,
				"bits_per_second":	283117781.2680608,
				"retransmits":	0,
				"omitted":	false
			}
		}, {
			"streams":	[{
					"socket":	5,
					"start":	4.0000729560852051,
					"end":	6.0000698566436768,
					"seconds":	1.9999969005584717,
					"bytes":	70778880,
					"bits_per_second":	283115958.75067997,
					"retransmits":	0,
					"snd_cwnd":	3356464,
					"rtt":	87297,
					"rttvar":	145,
					"pmtu":	1500,
					"omitted":	false
				}],
			"sum":	{
				"start":	4.0000729560852051,
				"end":	6.0000698566436768,
				"seconds":	1.9999969005584717,
				"bytes":	70778880,
				"bits_per_second":	283115958.75067997,
				"retransmits":	0,
				"omitted":	false
			}
		}, {
			"streams":	[{
					"socket":	5,
					"start":	6.0000698566436768,
					"end":	8.0000710487365723,
					"seconds":	2.0000011920928955,
					"bytes":	69468160,
					"bits_per_second":	277872474.37509871,
					"retransmits":	0,
					"snd_cwnd":	3356464,
					"rtt":	87447,
					"rttvar":	51,
					"pmtu":	1500,
					"omitted":	false
				}],
			"sum":	{
				"start":	6.0000698566436768,
				"end":	8.0000710487365723,
				"seconds":	2.0000011920928955,
				"bytes":	69468160,
				"bits_per_second":	277872474.37509871,
				"retransmits":	0,
				"omitted":	false
			}
		}, {
			"streams":	[{
					"socket":	5,
					"start":	8.0000710487365723,
					"end":	10.000066995620728,
					"seconds":	1.9999959468841553,
					"bytes":	70778880,
					"bits_per_second":	283116093.75116277,
					"retransmits":	0,
					"snd_cwnd":	3356464,
					"rtt":	87451,
					"rttvar":	77,
					"pmtu":	1500,
					"omitted":	false
				}],
			"sum":	{
				"start":	8.0000710487365723,
				"end":	10.000066995620728,
				"seconds":	1.9999959468841553,
				"bytes":	70778880,
				"bits_per_second":	283116093.75116277,
				"retransmits":	0,
				"omitted":	false
			}
		}, {
			"streams":	[{
					"socket":	5,
					"start":	10.000066995620728,
					"end":	12.000113964080811,
					"seconds":	2.000046968460083,
					"bytes":	66846720,
					"bits_per_second":	267380600.77246282,
					"retransmits":	0,
					"snd_cwnd":	3356464,
					"rtt":	87417,
					"rttvar":	90,
					"pmtu":	1500,
					"omitted":	false
				}],
			"sum":	{
				"start":	10.000066995620728,
				"end":	12.000113964080811,
				"seconds":	2.000046968460083,
				"bytes":	66846720,
				"bits_per_second":	267380600.77246282,
				"retransmits":	0,
				"omitted":	false
			}
		}, {
			"streams":	[{
					"socket":	5,
					"start":	12.000113964080811,
					"end":	14.000087022781372,
					"seconds":	1.9999730587005615,
					"bytes":	70778880,
					"bits_per_second":	283119333.80137438,
					"retransmits":	0,
					"snd_cwnd":	3356464,
					"rtt":	87447,
					"rttvar":	254,
					"pmtu":	1500,
					"omitted":	false
				}],
			"sum":	{
				"start":	12.000113964080811,
				"end":	14.000087022781372,
				"seconds":	1.9999730587005615,
				"bytes":	70778880,
				"bits_per_second":	283119333.80137438,
				"retransmits":	0,
				"omitted":	false
			}
		}, {
			"streams":	[{
					"socket":	5,
					"start":	14.000087022781372,
					"end":	16.000081062316895,
					"seconds":	1.9999940395355225,
					"bytes":	70778880,
					"bits_per_second":	283116363.7525146,
					"retransmits":	0,
					"snd_cwnd":	3356464,
					"rtt":	87686,
					"rttvar":	53,
					"pmtu":	1500,
					"omitted":	false
				}],
			"sum":	{
				"start":	14.000087022781372,
				"end":	16.000081062316895,
				"seconds":	1.9999940395355225,
				"bytes":	70778880,
				"bits_per_second":	283116363.7525146,
				"retransmits":	0,
				"omitted":	false
			}
		}, {
			"streams":	[{
					"socket":	5,
					"start":	16.000081062316895,
					"end":	18.000081062316895,
					"seconds":	2,
					"bytes":	69468160,
					"bits_per_second":	277872640,
					"retransmits":	0,
					"snd_cwnd":	3356464,
					"rtt":	87262,
					"rttvar":	72,
					"pmtu":	1500,
					"omitted":	false
				}],
			"sum":	{
				"start":	16.000081062316895,
				"end":	18.000081062316895,
				"seconds":	2,
				"bytes":	69468160,
				"bits_per_second":	277872640,
				"retransmits":	0,
				"omitted":	false
			}
		}, {
			"streams":	[{
					"socket":	5,
					"start":	18.000081062316895,
					"end":	20.000125885009766,
					"seconds":	2.0000448226928711,
					"bytes":	68157440,
					"bits_per_second":	272623650.13693029,
					"retransmits":	0,
					"snd_cwnd":	3356464,
					"rtt":	87244,
					"rttvar":	49,
					"pmtu":	1500,
					"omitted":	false
				}],
			"sum":	{
				"start":	18.000081062316895,
				"end":	20.000125885009766,
				"seconds":	2.0000448226928711,
				"bytes":	68157440,
				"bits_per_second":	272623650.13693029,
				"retransmits":	0,
				"omitted":	false
			}
		}, {
			"streams":	[{
					"socket":	5,
					"start":	20.000125885009766,
					"end":	22.000089883804321,
					"seconds":	1.9999639987945557,
					"bytes":	69468160,
					"bits_per_second":	277877641.96503836,
					"retransmits":	0,
					"snd_cwnd":	3356464,
					"rtt":	87658,
					"rttvar":	172,
					"pmtu":	1500,
					"omitted":	false
				}],
			"sum":	{
				"start":	20.000125885009766,
				"end":	22.000089883804321,
				"seconds":	1.9999639987945557,
				"bytes":	69468160,
				"bits_per_second":	277877641.96503836,
				"retransmits":	0,
				"omitted":	false
			}
		}, {
			"streams":	[{
					"socket":	5,
					"start":	22.000089883804321,
					"end":	24.000074863433838,
					"seconds":	1.9999849796295166,
					"bytes":	70778880,
					"bits_per_second":	283117646.26596868,
					"retransmits":	0,
					"snd_cwnd":	3356464,
					"rtt":	87751,
					"rttvar":	22,
					"pmtu":	1500,
					"omitted":	false
				}],
			"sum":	{
				"start":	22.000089883804321,
				"end":	24.000074863433838,
				"seconds":	1.9999849796295166,
				"bytes":	70778880,
				"bits_per_second":	283117646.26596868,
				"retransmits":	0,
				"omitted":	false
			}
		}, {
			"streams":	[{
					"socket":	5,
					"start":	24.000074863433838,
					"end":	26.000076055526733,
					"seconds":	2.0000011920928955,
					"bytes":	70778880,
					"bits_per_second":	283115351.25010055,
					"retransmits":	0,
					"snd_cwnd":	3356464,
					"rtt":	87335,
					"rttvar":	89,
					"pmtu":	1500,
					"omitted":	false
				}],
			"sum":	{
				"start":	24.000074863433838,