{
	"start":	{
		"connected":	[{
				"socket":	5,
				"local_host":	"192.168.1.1",
				"local_port":	33976,
				"remote_host":	"192.168.4.2",
				"remote_port":	5201
			}],
		"version":	"iperf 3.5",
		"system_info":	"Linux h1 4.18.0-513.5.1.el8_9.x86_64 #1 SMP Fri Nov 17 03:31:10 UTC 2023 x86_64",
		"timestamp":	{
			"time":	"Wed, 24 Jan 2024 20:44:41 GMT",
			"timesecs":	1706129081
		},
		"connecting_to":	{
			"host":	"192.168.4.2",
			"port":	5201
		},
		"cookie":	"j3gtk77thvd63zxgwpst6nwvygeelo7mtxgh",
		"tcp_mss_default":	1448,
		"sock_bufsize":	0,
		"sndbuf_actual":	16384,
		"rcvbuf_actual":	87380,
		"test_start":	{
			"protocol":	"TCP",
			"num_streams":	1,
			"blksize":	131072,
			"omit":	0,
			"duration":	0,
			"bytes":	1073741824,
			"blocks":	0,
			"reverse":	0,
			"tos":	0
		}
	},
	"intervals":	[{
			"streams":	[{
					"socket":	5,
					"start":	0,
					"end":	2.0000460147857666,
					"seconds":	2.0000460147857666,
					"bytes":	16691456,
					"bits_per_second":	66764287.927797072,
					"retransmits":	0,
					"snd_cwnd":	9258512,
					"rtt":	147432,
					"rttvar":	623,
					"pmtu":	1500,
					"omitted":	false
				}],
			"sum":	{
				"start":	0,
				"end":	2.0000460147857666,
				"seconds":	2.0000460147857666,
				"bytes":	16691456,
				"bits_per_second":	66764287.927797072,
				"retransmits":	0,
				"omitted":	false
			}
		}, {
			"streams":	[{
					"socket":	5,
					"start":	2.0000460147857666,
					"end":	4.00006103515625,
					"seconds":	2.0000150203704834,
					"bytes":	41943040,
					"bits_per_second":	167770900.00946277,
					"retransmits":	0,
					"snd_cwnd":	9258512,
					"rtt":	148090,
					"rttvar":	484,
					"pmtu":	1500,
					"omitted":	false
				}],
			"sum":	{
				"start":	2.0000460147857666,
				"end":	4.00006103515625,
				"seconds":	2.0000150203704834,
				"bytes":	41943040,
				"bits_per_second":	167770900.00946277,
				"retransmits":	0,
				"omitted":	false
			}
		}, {
			"streams":	[{
					"socket":	5,
					"start":	4.00006103515625,
					"end":	6.0000600814819336,
					"seconds":	1.9999990463256836,
					"bytes":	40632320,
					"bits_per_second":	162529357.50003695,
					"retransmits":	0,
					"snd_cwnd":	9258512,
					"rtt":	149106,
					"rttvar":	701,
					"pmtu":	1500,
					"omitted":	false
				}],
			"sum":	{
				"start":	4.00006103515625,
				"end":	6.0000600814819336,
				"seconds":	1.9999990463256836,
				"bytes":	40632320,
				"bits_per_second":	162529357.50003695,
				"retransmits":	0,
				"omitted":	false
			}
		}, {
			"streams":	[{
					"socket":	5,
					"start":	6.0000600814819336,
					"end":	8.0000619888305664,
					"seconds":	2.0000019073486328,
					"bytes":	40632320,
					"bits_per_second":	162529125.00014782,
					"retransmits":	0,
					"snd_cwnd":	9258512,
					"rtt":	149194,
					"rttvar":	1338,
					"pmtu":	1500,
					"omitted":	false
				}],
			"sum":	{
				"start":	6.0000600814819336,
				"end":	8.0000619888305664,
				"seconds":	2.0000019073486328,
				"bytes":	40632320,
				"bits_per_second":	162529125.00014782,
				"retransmits":	0,
				"omitted":	false
			}
		}, {
			"streams":	[{
					"socket":	5,
					"start":	8.0000619888305664,
					"end":	10.000066041946411,
					"seconds":	2.0000040531158447,
					"bytes":	40632320,
					"bits_per_second":	162528950.62566748,
					"retransmits":	0,
					"snd_cwnd":	9258512,
					"rtt":	148225,
					"rttvar":	388,
					"pmtu":	1500,
					"omitted":	false
				}],
			"sum":	{
				"start":	8.0000619888305664,
				"end":	10.000066041946411,
				"seconds":	2.0000040531158447,
				"bytes":	40632320,
				"bits_per_second":	162528950.62566748,
				"retransmits":	0,
				"omitted":	false
			}
		}, {
			"streams":	[{
					"socket":	5,
					"start":	10.000066041946411,
					"end":	12.000057935714722,
					"seconds":	1.9999918937683105,
					"bytes":	41943040,
					"bits_per_second":	167772840.00275612,
					"retransmits":	0,
					"snd_cwnd":	9258512,
					"rtt":	147538,
					"rttvar":	236,
					"pmtu":	1500,
					"omitted":	false
				}],
			"sum":	{
				"start":	10.000066041946411,
				"end":	12.000057935714722,
				"seconds":	1.9999918937683105,
				"bytes":	41943040,
				"bits_per_second":	167772840.00275612,
				"retransmits":	0,
				"omitted":	false
			}
		}, {
			"streams":	[{
					"socket":	5,
					"start":	12.000057935714722,
					"end":	14.000064849853516,
					"seconds":	2.0000069141387939,
					"bytes":	40632320,
					"bits_per_second":	162528718.12694243,
					"retransmits":	0,
					"snd_cwnd":	9258512,
					"rtt":	147717,
					"rttvar":	460,
					"pmtu":	1500,
					"omitted":	false
				}],
			"sum":	{
				"start":	12.000057935714722,
				"end":	14.000064849853516,
				"seconds":	2.0000069141387939,
				"bytes":	40632320,
				"bits_per_second":	162528718.12694243,
				"retransmits":	0,
				"omitted":	false
			}
		}, {
			"streams":	[{
					"socket":	5,
					"start":	14.000064849853516,
					"end":	16.000061988830566,
					"seconds":	1.9999971389770508,
					"bytes":	40632320,
					"bits_per_second":	162529512.50033259,
					"retransmits":	0,
					"snd_cwnd":	9258512,
					"rtt":	150774,
					"rttvar":	967,
					"pmtu":	1500,
					"omitted":	false
				}],
			"sum":	{
				"start":	14.000064849853516,
				"end":	16.000061988830566,
				"seconds":	1.9999971389770508,
				"bytes":	40632320,
				"bits_per_second":	162529512.50033259,
				"retransmits":	0,
				"omitted":	false
			}
		}, {
			"streams":	[{
					"socket":	5,
					"start":	16.000061988830566,
					"end":	18.000062942504883,
					"seconds":	2.0000009536743164,
					"bytes":	40632320,
					"bits_per_second":	162529202.50003695,
					"retransmits":	0,
					"snd_cwnd":	9258512,
					"rtt":	147969,
					"rttvar":	1094,
					"pmtu":	1500,
					"omitted":	false
				}],
			"sum":	{
				"start":	16.000061988830566,
				"end":	18.000062942504883,
				"seconds":	2.0000009536743164,
				"bytes":	40632320,
				"bits_per_second":	162529202.50003695,
				"retransmits":	0,
				"omitted":	false
			}
		}, {
			"streams":	[{
					"socket":	5,
					"start":	18.000062942504883,
					"end":	20.0000638961792,
					"seconds":	2.0000009536743164,
					"bytes":	40632320,
					"bits_per_second":	162529202.50003695,
					"retransmits":	0,
					"snd_cwnd":	9258512,
					"rtt":	147900,
					"rttvar":	397,
					"pmtu":	1500,
					"omitted":	false
				}],
			"sum":	{
				"start":	18.000062942504883,
				"end":	20.0000638961792,
				"seconds":	2.0000009536743164,
				"bytes":	40632320,
				"bits_per_second":	162529202.50003695,
				"retransmits":	0,
				"omitted":	false
			}
		}, {
			"streams":	[{
					"socket":	5,
					"start":	20.0000638961792,
					"end":	22.000066041946411,
					"seconds":	2.0000021457672119,
					"bytes":	32768000,
					"bits_per_second":	131071859.37515087,
					"retransmits":	0,
					"snd_cwnd":	9258512,
					"rtt":	152612,
					"rttvar":	740,
					"pmtu":	1500,
					"omitted":	false
				}],
			"sum":	{
				"start":	20.0000638961792,
				"end":	22.000066041946411,
				"seconds":	2.0000021457672119,
				"bytes":	32768000,
				"bits_per_second":	131071859.37515087,
				"retransmits":	0,
				"omitted":	false
			}
		}, {
			"streams":	[{
					"socket":	5,
					"start":	22.000066041946411,
					"end":	24.00006103515625,
					"seconds":	1.9999949932098389,
					"bytes":	40632320,
					"bits_per_second":	162529686.87601858,
					"retransmits":	0,
					"snd_cwnd":	9258512,
					"rtt":	150660,
					"rttvar":	915,
					"pmtu":	1500,
					"omitted":	false
				}],
			"sum":	{
				"start":	22.000066041946411,
				"end":	24.00006103515625,
				"seconds":	1.9999949932098389,
				"bytes":	40632320,
				"bits_per_second":	162529686.87601858,
				"retransmits":	0,
				"omitted":	false
			}
		}, {
			"streams":	[{
					"socket":	5,
					"start":	24.00006103515625,
					"end":	26.000062942504883,
					"seconds":	2.0000019073486328,
					"bytes":	40632320,
					"bits_per_second":	162529125.00014782,
					"retransmits":	0,
					"snd_cwnd":	9258512,
					"rtt":	147930,
					"rttvar":	326,
					"pmtu":	1500,