{
	"start":	{
		"connected":	[{
				"socket":	5,
				"local_host":	"192.168.1.1",
				"local_port":	41792,
				"remote_host":	"192.168.4.2",
				"remote_port":	5201
			}],
		"version":	"iperf 3.5",
		"system_info":	"Linux h1 4.18.0-513.5.1.el8_9.x86_64 #1 SMP Fri Nov 17 03:31:10 UTC 2023 x86_64",
		"timestamp":	{
			"time":	"Wed, 24 Jan 2024 20:34:32 GMT",
			"timesecs":	1706128472
		},
		"connecting_to":	{
			"host":	"192.168.4.2",
			"port":	5201
		},
		"cookie":	"lgpqvmbmg4mienewo7i2cshgu25xbf3xzesc",
		"tcp_mss_default":	1448,
		"sock_bufsize":	0,
		"sndbuf_actual":	16384,
		"rcvbuf_actual":	87380,
		"test_start":	{
			"protocol":	"TCP",
			"num_streams":	1,
			"blksize":	131072,
			"omit":	0,
			"duration":	0,
			"bytes":	1073741824,
			"blocks":	0,
			"reverse":	0,
			"tos":	0
		}
	},
	"intervals":	[{
			"streams":	[{
					"socket":	5,
					"start":	0,
					"end":	2.0000600814819336,
					"seconds":	2.0000600814819336,
					"bytes":	43184864,
					"bits_per_second":	172734266.93463093,
					"retransmits":	0,
					"snd_cwnd":	9125296,
					"rtt":	94892,
					"rttvar":	1175,
					"pmtu":	1500,
					"omitted":	false
				}],
			"sum":	{
				"start":	0,
				"end":	2.0000600814819336,
				"seconds":	2.0000600814819336,
				"bytes":	43184864,
				"bits_per_second":	172734266.93463093,
				"retransmits":	0,
				"omitted":	false
			}
		}, {
			"streams":	[{
					"socket":	5,
					"start":	2.0000600814819336,
					"end":	4.0000600814819336,
					"seconds":	2,
					"bytes":	64225280,
					"bits_per_second":	256901120,
					"retransmits":	0,
					"snd_cwnd":	9125296,
					"rtt":	92429,
					"rttvar":	110,
					"pmtu":	1500,
					"omitted":	false
				}],
			"sum":	{
				"start":	2.0000600814819336,
				"end":	4.0000600814819336,
				"seconds":	2,
				"bytes":	64225280,
				"bits_per_second":	256901120,
				"retransmits":	0,
				"omitted":	false
			}
		}, {
			"streams":	[{
					"socket":	5,
					"start":	4.0000600814819336,
					"end":	6.00006103515625,
					"seconds":	2.0000009536743164,
					"bytes":	65536000,
					"bits_per_second":	262143875.0000596,
					"retransmits":	0,
					"snd_cwnd":	9125296,
					"rtt":	89135,
					"rttvar":	628,
					"pmtu":	1500,
					"omitted":	false
				}],
			"sum":	{
				"start":	4.0000600814819336,
				"end":	6.00006103515625,
				"seconds":	2.0000009536743164,
				"bytes":	65536000,
				"bits_per_second":	262143875.0000596,
				"retransmits":	0,
				"omitted":	false
			}
		}, {
			"streams":	[{
					"socket":	5,
					"start":	6.00006103515625,
					"end":	8.0000591278076172,
					"seconds":	1.9999980926513672,
					"bytes":	64225280,
					"bits_per_second":	256901365.00023365,
					"retransmits":	0,
					"snd_cwnd":	9196248,
					"rtt":	99737,
					"rttvar":	305,
					"pmtu":	1500,
					"omitted":	false
				}],
			"sum":	{
				"start":	6.00006103515625,
				"end":	8.0000591278076172,
				"seconds":	1.9999980926513672,
				"bytes":	64225280,
				"bits_per_second":	256901365.00023365,
				"retransmits":	0,
				"omitted":	false
			}
		}, {
			"streams":	[{
					"socket":	5,
					"start":	8.0000591278076172,
					"end":	10.00006103515625,
					"seconds":	2.0000019073486328,
					"bytes":	65536000,
					"bits_per_second":	262143750.00023842,
					"retransmits":	0,
					"snd_cwnd":	9196248,
					"rtt":	89065,
					"rttvar":	375,
					"pmtu":	1500,
					"omitted":	false
				}],
			"sum":	{
				"start":	8.0000591278076172,
				"end":	10.00006103515625,
				"seconds":	2.0000019073486328,
				"bytes":	65536000,
				"bits_per_second":	262143750.00023842,
				"retransmits":	0,
				"omitted":	false
			}
		}, {
			"streams":	[{
					"socket":	5,
					"start":	10.00006103515625,
					"end":	12.00006103515625,
					"seconds":	2,
					"bytes":	64225280,
					"bits_per_second":	256901120,
					"retransmits":	0,
					"snd_cwnd":	9196248,
					"rtt":	95935,
					"rttvar":	1245,
					"pmtu":	1500,
					"omitted":	false
				}],
			"sum":	{
				"start":	10.00006103515625,
				"end":	12.00006103515625,
				"seconds":	2,
				"bytes":	64225280,
				"bits_per_second":	256901120,
				"retransmits":	0,
				"omitted":	false
			}
		}, {
			"streams":	[{
					"socket":	5,
					"start":	12.00006103515625,
					"end":	14.000061988830566,
					"seconds":	2.0000009536743164,
					"bytes":	64225280,
					"bits_per_second":	256900997.50005841,
					"retransmits":	0,
					"snd_cwnd":	9196248,
					"rtt":	94059,
					"rttvar":	257,
					"pmtu":	1500,
					"omitted":	false
				}],
			"sum":	{
				"start":	12.00006103515625,
				"end":	14.000061988830566,
				"seconds":	2.0000009536743164,
				"bytes":	64225280,
				"bits_per_second":	256900997.50005841,
				"retransmits":	0,
				"omitted":	false
			}
		}, {
			"streams":	[{
					"socket":	5,
					"start":	14.000061988830566,
					"end":	16.000061988830566,
					"seconds":	2,
					"bytes":	65536000,
					"bits_per_second":	262144000,
					"retransmits":	0,
					"snd_cwnd":	9196248,
					"rtt":	89433,
					"rttvar":	731,
					"pmtu":	1500,
					"omitted":	false
				}],
			"sum":	{
				"start":	14.000061988830566,
				"end":	16.000061988830566,
				"seconds":	2,
				"bytes":	65536000,
				"bits_per_second":	262144000,
				"retransmits":	0,
				"omitted":	false
			}
		}, {
			"streams":	[{
					"socket":	5,
					"start":	16.000061988830566,
					"end":	18.000061988830566,
					"seconds":	2,
					"bytes":	64225280,
					"bits_per_second":	256901120,
					"retransmits":	0,
					"snd_cwnd":	9196248,
					"rtt":	99723,
					"rttvar":	205,
					"pmtu":	1500,
					"omitted":	false
				}],
			"sum":	{
				"start":	16.000061988830566,
				"end":	18.000061988830566,
				"seconds":	2,
				"bytes":	64225280,
				"bits_per_second":	256901120,
				"retransmits":	0,
				"omitted":	false
			}
		}, {
			"streams":	[{
					"socket":	5,
					"start":	18.000061988830566,
					"end":	20.000101089477539,
					"seconds":	2.0000391006469727,
					"bytes":	62914560,
					"bits_per_second":	251653320.09618571,
					"retransmits":	0,
					"snd_cwnd":	5792,
					"rtt":	93507,
					"rttvar":	1588,
					"pmtu":	1500,
					"omitted":	false
				}],
			"sum":	{
				"start":	18.000061988830566,
				"end":	20.000101089477539,
				"seconds":	2.0000391006469727,
				"bytes":	62914560,
				"bits_per_second":	251653320.09618571,
				"retransmits":	0,
				"omitted":	false
			}
		}, {
			"streams":	[{
					"socket":	5,
					"start":	20.000101089477539,
					"end":	22.00006103515625,
					"seconds":	1.9999599456787109,
					"bytes":	38010880,
					"bits_per_second":	152046565.06098393,
					"retransmits":	2119,
					"snd_cwnd":	6510208,
					"rtt":	88333,
					"rttvar":	299,
					"pmtu":	1500,
					"omitted":	false
				}],
			"sum":	{
				"start":	20.000101089477539,
				"end":	22.00006103515625,
				"seconds":	1.9999599456787109,
				"bytes":	38010880,
				"bits_per_second":	152046565.06098393,
				"retransmits":	2119,
				"omitted":	false
			}
		}, {
			"streams":	[{
					"socket":	5,
					"start":	22.00006103515625,
					"end":	24.00006103515625,
					"seconds":	2,
					"bytes":	64225280,
					"bits_per_second":	256901120,
					"retransmits":	0,
					"snd_cwnd":	6356720,
					"rtt":	92084,
					"rttvar":	228,
					"pmtu":	1500,
					"omitted":	false
				}],
			"sum":	{
				"start":	22.00006103515625,
				"end":	24.00006103515625,
				"seconds":	2,
				"bytes":	64225280,
				"bits_per_second":	256901120,
				"retransmits":	0,
				"omitted":	false
			}
		}, {
			"streams":	[{
					"socket":	5,
					"start":	24.00006103515625,
					"end":	26.000063180923462,
					"seconds":	2.0000021457672119,
					"bytes":	65536000,
					"bits_per_second":	262143718.75030175,
					"retransmits":	0,
					"snd_cwnd":	6356720,
					"rtt":	88627,
					"rttvar":	382,
					"pmtu":	1500,
					"omitted":	false
				}],
			"sum":	{
				"start":	24.00006103515625,
				"end":	26.000063180923462,
				"seconds":	2.0000021457672119,
				"bytes":	65536000,
				"bits_per_second":	262143718.75030175,
				"retransmits":	0,