{
	"start":	{
		"connected":	[{
				"socket":	5,
				"local_host":	"192.168.1.1",
				"local_port":	49420,
				"remote_host":	"192.168.4.2",
				"remote_port":	5201
			}],
		"version":	"iperf 3.5",
		"system_info":	"Linux h1 4.18.0-513.5.1.el8_9.x86_64 #1 SMP Fri Nov 17 03:31:10 UTC 2023 x86_64",
		"timestamp":	{
			"time":	"Wed, 24 Jan 2024 20:43:42 GMT",
			"timesecs":	1706129022
		},
		"connecting_to":	{
			"host":	"192.168.4.2",
			"port":	5201
		},
		"cookie":	"pwsoy67utovlkzw4vov3kde42w2o6o25yomk",
		"tcp_mss_default":	1448,
		"sock_bufsize":	0,
		"sndbuf_actual":	16384,
		"rcvbuf_actual":	87380,
		"test_start":	{
			"protocol":	"TCP",
			"num_streams":	1,
			"blksize":	131072,
			"omit":	0,
			"duration":	0,
			"bytes":	1073741824,
			"blocks":	0,
			"reverse":	0,
			"tos":	0
		}
	},
	"intervals":	[{
			"streams":	[{
					"socket":	5,
					"start":	0,
					"end":	2.00006103515625,
					"seconds":	2.00006103515625,
					"bytes":	17318264,
					"bits_per_second":	69270942.018615156,
					"retransmits":	0,
					"snd_cwnd":	9254168,
					"rtt":	152474,
					"rttvar":	669,
					"pmtu":	1500,
					"omitted":	false
				}],
			"sum":	{
				"start":	0,
				"end":	2.00006103515625,
				"seconds":	2.00006103515625,
				"bytes":	17318264,
				"bits_per_second":	69270942.018615156,
				"retransmits":	0,
				"omitted":	false
			}
		}, {
			"streams":	[{
					"socket":	5,
					"start":	2.00006103515625,
					"end":	4.0000598430633545,
					"seconds":	1.9999988079071045,
					"bytes":	40632320,
					"bits_per_second":	162529376.87505776,
					"retransmits":	0,
					"snd_cwnd":	9259960,
					"rtt":	148359,
					"rttvar":	412,
					"pmtu":	1500,
					"omitted":	false
				}],
			"sum":	{
				"start":	2.00006103515625,
				"end":	4.0000598430633545,
				"seconds":	1.9999988079071045,
				"bytes":	40632320,
				"bits_per_second":	162529376.87505776,
				"retransmits":	0,
				"omitted":	false
			}
		}, {
			"streams":	[{
					"socket":	5,
					"start":	4.0000598430633545,
					"end":	6.00007700920105,
					"seconds":	2.0000171661376953,
					"bytes":	40632320,
					"bits_per_second":	162527885.01197329,
					"retransmits":	0,
					"snd_cwnd":	9259960,
					"rtt":	148531,
					"rttvar":	286,
					"pmtu":	1500,
					"omitted":	false
				}],
			"sum":	{
				"start":	4.0000598430633545,
				"end":	6.00007700920105,
				"seconds":	2.0000171661376953,
				"bytes":	40632320,
				"bits_per_second":	162527885.01197329,
				"retransmits":	0,
				"omitted":	false
			}
		}, {
			"streams":	[{
					"socket":	5,
					"start":	6.00007700920105,
					"end":	8.0000629425048828,
					"seconds":	1.999985933303833,
					"bytes":	41943040,
					"bits_per_second":	167773340.00829941,
					"retransmits":	0,
					"snd_cwnd":	9259960,
					"rtt":	147734,
					"rttvar":	342,
					"pmtu":	1500,
					"omitted":	false
				}],
			"sum":	{
				"start":	6.00007700920105,
				"end":	8.0000629425048828,
				"seconds":	1.999985933303833,
				"bytes":	41943040,
				"bits_per_second":	167773340.00829941,
				"retransmits":	0,
				"omitted":	false
			}
		}, {
			"streams":	[{
					"socket":	5,
					"start":	8.0000629425048828,
					"end":	10.000059843063354,
					"seconds":	1.9999969005584717,
					"bytes":	40632320,
					"bits_per_second":	162529531.87539035,
					"retransmits":	0,
					"snd_cwnd":	9259960,
					"rtt":	151065,
					"rttvar":	735,
					"pmtu":	1500,
					"omitted":	false
				}],
			"sum":	{
				"start":	8.0000629425048828,
				"end":	10.000059843063354,
				"seconds":	1.9999969005584717,
				"bytes":	40632320,
				"bits_per_second":	162529531.87539035,
				"retransmits":	0,
				"omitted":	false
			}
		}, {
			"streams":	[{
					"socket":	5,
					"start":	10.000059843063354,
					"end":	12.000059843063354,
					"seconds":	2,
					"bytes":	40632320,
					"bits_per_second":	162529280,
					"retransmits":	0,
					"snd_cwnd":	9259960,
					"rtt":	151129,
					"rttvar":	777,
					"pmtu":	1500,
					"omitted":	false
				}],
			"sum":	{
				"start":	10.000059843063354,
				"end":	12.000059843063354,
				"seconds":	2,
				"bytes":	40632320,
				"bits_per_second":	162529280,
				"retransmits":	0,
				"omitted":	false
			}
		}, {
			"streams":	[{
					"socket":	5,
					"start":	12.000059843063354,
					"end":	14.00006103515625,
					"seconds":	2.0000011920928955,
					"bytes":	32768000,
					"bits_per_second":	131071921.87504657,
					"retransmits":	0,
					"snd_cwnd":	9259960,
					"rtt":	148071,
					"rttvar":	274,
					"pmtu":	1500,
					"omitted":	false
				}],
			"sum":	{
				"start":	12.000059843063354,
				"end":	14.00006103515625,
				"seconds":	2.0000011920928955,
				"bytes":	32768000,
				"bits_per_second":	131071921.87504657,
				"retransmits":	0,
				"omitted":	false
			}
		}, {
			"streams":	[{
					"socket":	5,
					"start":	14.00006103515625,
					"end":	16.00006103515625,
					"seconds":	2,
					"bytes":	40632320,
					"bits_per_second":	162529280,
					"retransmits":	0,
					"snd_cwnd":	9259960,
					"rtt":	147900,
					"rttvar":	805,
					"pmtu":	1500,
					"omitted":	false
				}],
			"sum":	{
				"start":	14.00006103515625,
				"end":	16.00006103515625,
				"seconds":	2,
				"bytes":	40632320,
				"bits_per_second":	162529280,
				"retransmits":	0,
				"omitted":	false
			}
		}, {
			"streams":	[{
					"socket":	5,
					"start":	16.00006103515625,
					"end":	18.00006103515625,
					"seconds":	2,
					"bytes":	41943040,
					"bits_per_second":	167772160,
					"retransmits":	0,
					"snd_cwnd":	9259960,
					"rtt":	147409,
					"rttvar":	303,
					"pmtu":	1500,
					"omitted":	false
				}],
			"sum":	{
				"start":	16.00006103515625,
				"end":	18.00006103515625,
				"seconds":	2,
				"bytes":	41943040,
				"bits_per_second":	167772160,
				"retransmits":	0,
				"omitted":	false
			}
		}, {
			"streams":	[{
					"socket":	5,
					"start":	18.00006103515625,
					"end":	20.000083923339844,
					"seconds":	2.0000228881835938,
					"bytes":	39321600,
					"bits_per_second":	157284600.02059913,
					"retransmits":	0,
					"snd_cwnd":	9259960,
					"rtt":	147653,
					"rttvar":	140,
					"pmtu":	1500,
					"omitted":	false
				}],
			"sum":	{
				"start":	18.00006103515625,
				"end":	20.000083923339844,
				"seconds":	2.0000228881835938,
				"bytes":	39321600,
				"bits_per_second":	157284600.02059913,
				"retransmits":	0,
				"omitted":	false
			}
		}, {
			"streams":	[{
					"socket":	5,
					"start":	20.000083923339844,
					"end":	22.000064849853516,
					"seconds":	1.9999809265136719,
					"bytes":	41943040,
					"bits_per_second":	167773760.01525894,
					"retransmits":	0,
					"snd_cwnd":	9259960,
					"rtt":	147415,
					"rttvar":	311,
					"pmtu":	1500,
					"omitted":	false
				}],
			"sum":	{
				"start":	20.000083923339844,
				"end":	22.000064849853516,
				"seconds":	1.9999809265136719,
				"bytes":	41943040,
				"bits_per_second":	167773760.01525894,
				"retransmits":	0,
				"omitted":	false
			}
		}, {
			"streams":	[{
					"socket":	5,
					"start":	22.000064849853516,
					"end":	24.000064849853516,
					"seconds":	2,
					"bytes":	40632320,
					"bits_per_second":	162529280,
					"retransmits":	0,
					"snd_cwnd":	9259960,
					"rtt":	152506,
					"rttvar":	891,
					"pmtu":	1500,
					"omitted":	false
				}],
			"sum":	{
				"start":	22.000064849853516,
				"end":	24.000064849853516,
				"seconds":	2,
				"bytes":	40632320,
				"bits_per_second":	162529280,
				"retransmits":	0,
				"omitted":	false
			}
		}, {
			"streams":	[{
					"socket":	5,
					"start":	24.000064849853516,
					"end":	26.00006103515625,
					"seconds":	1.9999961853027344,
					"bytes":	40632320,
					"bits_per_second":	162529590.00059128,
					"retransmits":	0,
					"snd_cwnd":	9259960,
					"rtt":	151157,
					"rttvar":	879,
					"pmtu":	1500,
					"omitted":	false
				}],
			"sum":	{
				"start":	24.000064849853516,
				"end":	26.00006103515625,
				"seconds":	1.9999961853027344,
				"bytes":	40632320,
				"bits_per_second":	162529590.00059128,
				"retransmits":	0,