{
	"start":	{
		"connected":	[{
				"socket":	5,
				"local_host":	"192.168.1.1",
				"local_port":	55150,
				"remote_host":	"192.168.4.2",
				"remote_port":	5201
			}],
		"version":	"iperf 3.5",
		"system_info":	"Linux h1 4.18.0-513.5.1.el8_9.x86_64 #1 SMP Fri Nov 17 03:31:10 UTC 2023 x86_64",
		"timestamp":	{
			"time":	"Wed, 24 Jan 2024 20:37:43 GMT",
			"timesecs":	1706128663
		},
		"connecting_to":	{
			"host":	"192.168.4.2",
			"port":	5201
		},
		"cookie":	"3tpp7lwu4webdvu2de2smirxcps3s3t7xhzw",
		"tcp_mss_default":	1448,
		"sock_bufsize":	0,
		"sndbuf_actual":	16384,
		"rcvbuf_actual":	87380,
		"test_start":	{
			"protocol":	"TCP",
			"num_streams":	1,
			"blksize":	131072,
			"omit":	0,
			"duration":	0,
			"bytes":	1073741824,
			"blocks":	0,
			"reverse":	0,
			"tos":	0
		}
	},
	"intervals":	[{
			"streams":	[{
					"socket":	5,
					"start":	0,
					"end":	2.0001289844512939,
					"seconds":	2.0001289844512939,
					"bytes":	13657088,
					"bits_per_second":	54624829.123194262,
					"retransmits":	311,
					"snd_cwnd":	7368872,
					"rtt":	147677,
					"rttvar":	468,
					"pmtu":	1500,
					"omitted":	false
				}],
			"sum":	{
				"start":	0,
				"end":	2.0001289844512939,
				"seconds":	2.0001289844512939,
				"bytes":	13657088,
				"bits_per_second":	54624829.123194262,
				"retransmits":	311,
				"omitted":	false
			}
		}, {
			"streams":	[{
					"socket":	5,
					"start":	2.0001289844512939,
					"end":	4.0000710487365723,
					"seconds":	1.9999420642852783,
					"bytes":	26214400,
					"bits_per_second":	104860637.58799241,
					"retransmits":	3049,
					"snd_cwnd":	6643424,
					"rtt":	147158,
					"rttvar":	261,
					"pmtu":	1500,
					"omitted":	false
				}],
			"sum":	{
				"start":	2.0001289844512939,
				"end":	4.0000710487365723,
				"seconds":	1.9999420642852783,
				"bytes":	26214400,
				"bits_per_second":	104860637.58799241,
				"retransmits":	3049,
				"omitted":	false
			}
		}, {
			"streams":	[{
					"socket":	5,
					"start":	4.0000710487365723,
					"end":	6.0000600814819336,
					"seconds":	1.9999890327453613,
					"bytes":	40632320,
					"bits_per_second":	162530171.25488731,
					"retransmits":	0,
					"snd_cwnd":	6611568,
					"rtt":	147065,
					"rttvar":	131,
					"pmtu":	1500,
					"omitted":	false
				}],
			"sum":	{
				"start":	4.0000710487365723,
				"end":	6.0000600814819336,
				"seconds":	1.9999890327453613,
				"bytes":	40632320,
				"bits_per_second":	162530171.25488731,
				"retransmits":	0,
				"omitted":	false
			}
		}, {
			"streams":	[{
					"socket":	5,
					"start":	6.0000600814819336,
					"end":	8.0000591278076172,
					"seconds":	1.9999990463256836,
					"bytes":	40632320,
					"bits_per_second":	162529357.50003695,
					"retransmits":	0,
					"snd_cwnd":	6614464,
					"rtt":	147071,
					"rttvar":	141,
					"pmtu":	1500,
					"omitted":	false
				}],
			"sum":	{
				"start":	6.0000600814819336,
				"end":	8.0000591278076172,
				"seconds":	1.9999990463256836,
				"bytes":	40632320,
				"bits_per_second":	162529357.50003695,
				"retransmits":	0,
				"omitted":	false
			}
		}, {
			"streams":	[{
					"socket":	5,
					"start":	8.0000591278076172,
					"end":	10.000059127807617,
					"seconds":	2,
					"bytes":	40632320,
					"bits_per_second":	162529280,
					"retransmits":	0,
					"snd_cwnd":	6611568,
					"rtt":	147082,
					"rttvar":	133,
					"pmtu":	1500,
					"omitted":	false
				}],
			"sum":	{
				"start":	8.0000591278076172,
				"end":	10.000059127807617,
				"seconds":	2,
				"bytes":	40632320,
				"bits_per_second":	162529280,
				"retransmits":	0,
				"omitted":	false
			}
		}, {
			"streams":	[{
					"socket":	5,
					"start":	10.000059127807617,
					"end":	12.000082969665527,
					"seconds":	2.00002384185791,
					"bytes":	39321600,
					"bits_per_second":	157284525.02235147,
					"retransmits":	0,
					"snd_cwnd":	6611568,
					"rtt":	147079,
					"rttvar":	141,
					"pmtu":	1500,
					"omitted":	false
				}],
			"sum":	{
				"start":	10.000059127807617,
				"end":	12.000082969665527,
				"seconds":	2.00002384185791,
				"bytes":	39321600,
				"bits_per_second":	157284525.02235147,
				"retransmits":	0,
				"omitted":	false
			}
		}, {
			"streams":	[{
					"socket":	5,
					"start":	12.000082969665527,
					"end":	14.00006103515625,
					"seconds":	1.9999780654907227,
					"bytes":	30146560,
					"bits_per_second":	120587562.51450436,
					"retransmits":	0,
					"snd_cwnd":	6646320,
					"rtt":	147102,
					"rttvar":	183,
					"pmtu":	1500,
					"omitted":	false
				}],
			"sum":	{
				"start":	12.000082969665527,
				"end":	14.00006103515625,
				"seconds":	1.9999780654907227,
				"bytes":	30146560,
				"bits_per_second":	120587562.51450436,
				"retransmits":	0,
				"omitted":	false
			}
		}, {
			"streams":	[{
					"socket":	5,
					"start":	14.00006103515625,
					"end":	16.000059127807617,
					"seconds":	1.9999980926513672,
					"bytes":	40632320,
					"bits_per_second":	162529435.00014782,
					"retransmits":	0,
					"snd_cwnd":	6655008,
					"rtt":	147130,
					"rttvar":	163,
					"pmtu":	1500,
					"omitted":	false
				}],
			"sum":	{
				"start":	14.00006103515625,
				"end":	16.000059127807617,
				"seconds":	1.9999980926513672,
				"bytes":	40632320,
				"bits_per_second":	162529435.00014782,
				"retransmits":	0,
				"omitted":	false
			}
		}, {
			"streams":	[{
					"socket":	5,
					"start":	16.000059127807617,
					"end":	18.000082015991211,
					"seconds":	2.0000228881835938,
					"bytes":	39321600,
					"bits_per_second":	157284600.02059913,
					"retransmits":	0,
					"snd_cwnd":	6741888,
					"rtt":	147067,
					"rttvar":	135,
					"pmtu":	1500,
					"omitted":	false
				}],
			"sum":	{
				"start":	16.000059127807617,
				"end":	18.000082015991211,
				"seconds":	2.0000228881835938,
				"bytes":	39321600,
				"bits_per_second":	157284600.02059913,
				"retransmits":	0,
				"omitted":	false
			}
		}, {
			"streams":	[{
					"socket":	5,
					"start":	18.000082015991211,
					"end":	20.000059127807617,
					"seconds":	1.9999771118164062,
					"bytes":	40632320,
					"bits_per_second":	162531140.02128625,
					"retransmits":	0,
					"snd_cwnd":	6892480,
					"rtt":	147070,
					"rttvar":	88,
					"pmtu":	1500,
					"omitted":	false
				}],
			"sum":	{
				"start":	18.000082015991211,
				"end":	20.000059127807617,
				"seconds":	1.9999771118164062,
				"bytes":	40632320,
				"bits_per_second":	162531140.02128625,
				"retransmits":	0,
				"omitted":	false
			}
		}, {
			"streams":	[{
					"socket":	5,
					"start":	20.000059127807617,
					"end":	22.0000581741333,
					"seconds":	1.9999990463256836,
					"bytes":	40632320,
					"bits_per_second":	162529357.50003695,
					"retransmits":	0,
					"snd_cwnd":	6741888,
					"rtt":	147041,
					"rttvar":	83,
					"pmtu":	1500,
					"omitted":	false
				}],
			"sum":	{
				"start":	20.000059127807617,
				"end":	22.0000581741333,
				"seconds":	1.9999990463256836,
				"bytes":	40632320,
				"bits_per_second":	162529357.50003695,
				"retransmits":	0,
				"omitted":	false
			}
		}, {
			"streams":	[{
					"socket":	5,
					"start":	22.0000581741333,
					"end":	24.000059127807617,
					"seconds":	2.0000009536743164,
					"bytes":	39321600,
					"bits_per_second":	157286325.00003576,
					"retransmits":	0,
					"snd_cwnd":	6895376,
					"rtt":	147023,
					"rttvar":	142,
					"pmtu":	1500,
					"omitted":	false
				}],
			"sum":	{
				"start":	22.0000581741333,
				"end":	24.000059127807617,
				"seconds":	2.0000009536743164,
				"bytes":	39321600,
				"bits_per_second":	157286325.00003576,
				"retransmits":	0,
				"omitted":	false
			}
		}, {
			"streams":	[{
					"socket":	5,
					"start":	24.000059127807617,
					"end":	26.000085115432739,
					"seconds":	2.0000259876251221,
					"bytes":	39321600,
					"bits_per_second":	157284356.27655575,
					"retransmits":	0,
					"snd_cwnd":	6892480,
					"rtt":	147030,
					"rttvar":	111,
					"pmtu":	1500,
					"omitted":	false
				}],