{
	"start":	{
		"connected":	[{
				"socket":	5,
				"local_host":	"192.168.1.1",
				"local_port":	59060,
				"remote_host":	"192.168.4.2",
				"remote_port":	5201
			}],
		"version":	"iperf 3.5",
		"system_info":	"Linux h1 4.18.0-513.5.1.el8_9.x86_64 #1 SMP Fri Nov 17 03:31:10 UTC 2023 x86_64",
		"timestamp":	{
			"time":	"Wed, 24 Jan 2024 20:38:44 GMT",
			"timesecs":	1706128724
		},
		"connecting_to":	{
			"host":	"192.168.4.2",
			"port":	5201
		},
		"cookie":	"dc3swn6gacr56s4jq52en5daqyzigpnypw47",
		"tcp_mss_default":	1448,
		"sock_bufsize":	0,
		"sndbuf_actual":	16384,
		"rcvbuf_actual":	87380,
		"test_start":	{
			"protocol":	"TCP",
			"num_streams":	1,
			"blksize":	131072,
			"omit":	0,
			"duration":	0,
			"bytes":	1073741824,
			"blocks":	0,
			"reverse":	0,
			"tos":	0
		}
	},
	"intervals":	[{
			"streams":	[{
					"socket":	5,
					"start":	0,
					"end":	2.0000598430633545,
					"seconds":	2.0000598430633545,
					"bytes":	14967808,
					"bits_per_second":	59869440.614636153,
					"retransmits":	103,
					"snd_cwnd":	3048040,
					"rtt":	147596,
					"rttvar":	552,
					"pmtu":	1500,
					"omitted":	false
				}],
			"sum":	{
				"start":	0,
				"end":	2.0000598430633545,
				"seconds":	2.0000598430633545,
				"bytes":	14967808,
				"bits_per_second":	59869440.614636153,
				"retransmits":	103,
				"omitted":	false
			}
		}, {
			"streams":	[{
					"socket":	5,
					"start":	2.0000598430633545,
					"end":	4.000079870223999,
					"seconds":	2.0000200271606445,
					"bytes":	20971520,
					"bits_per_second":	83885240.008411318,
					"retransmits":	2705,
					"snd_cwnd":	6246672,
					"rtt":	147045,
					"rttvar":	120,
					"pmtu":	1500,
					"omitted":	false
				}],
			"sum":	{
				"start":	2.0000598430633545,
				"end":	4.000079870223999,
				"seconds":	2.0000200271606445,
				"bytes":	20971520,
				"bits_per_second":	83885240.008411318,
				"retransmits":	2705,
				"omitted":	false
			}
		}, {
			"streams":	[{
					"socket":	5,
					"start":	4.000079870223999,
					"end":	6.0000598430633545,
					"seconds":	1.9999799728393555,
					"bytes":	38010880,
					"bits_per_second":	152045042.51524583,
					"retransmits":	0,
					"snd_cwnd":	6599984,
					"rtt":	147089,
					"rttvar":	127,
					"pmtu":	1500,
					"omitted":	false
				}],
			"sum":	{
				"start":	4.000079870223999,
				"end":	6.0000598430633545,
				"seconds":	1.9999799728393555,
				"bytes":	38010880,
				"bits_per_second":	152045042.51524583,
				"retransmits":	0,
				"omitted":	false
			}
		}, {
			"streams":	[{
					"socket":	5,
					"start":	6.0000598430633545,
					"end":	8.0000598430633545,
					"seconds":	2,
					"bytes":	40632320,
					"bits_per_second":	162529280,
					"retransmits":	0,
					"snd_cwnd":	6614464,
					"rtt":	147029,
					"rttvar":	60,
					"pmtu":	1500,
					"omitted":	false
				}],
			"sum":	{
				"start":	6.0000598430633545,
				"end":	8.0000598430633545,
				"seconds":	2,
				"bytes":	40632320,
				"bits_per_second":	162529280,
				"retransmits":	0,
				"omitted":	false
			}
		}, {
			"streams":	[{
					"socket":	5,
					"start":	8.0000598430633545,
					"end":	10.000059843063354,
					"seconds":	2,
					"bytes":	40632320,
					"bits_per_second":	162529280,
					"retransmits":	0,
					"snd_cwnd":	6611568,
					"rtt":	147064,
					"rttvar":	159,
					"pmtu":	1500,
					"omitted":	false
				}],
			"sum":	{
				"start":	8.0000598430633545,
				"end":	10.000059843063354,
				"seconds":	2,
				"bytes":	40632320,
				"bits_per_second":	162529280,
				"retransmits":	0,
				"omitted":	false
			}
		}, {
			"streams":	[{
					"socket":	5,
					"start":	10.000059843063354,
					"end":	12.00006890296936,
					"seconds":	2.0000090599060059,
					"bytes":	39321600,
					"bits_per_second":	157285687.50322759,
					"retransmits":	0,
					"snd_cwnd":	5792,
					"rtt":	147086,
					"rttvar":	148,
					"pmtu":	1500,
					"omitted":	false
				}],
			"sum":	{
				"start":	10.000059843063354,
				"end":	12.00006890296936,
				"seconds":	2.0000090599060059,
				"bytes":	39321600,
				"bits_per_second":	157285687.50322759,
				"retransmits":	0,
				"omitted":	false
			}
		}, {
			"streams":	[{
					"socket":	5,
					"start":	12.00006890296936,
					"end":	14.000059843063354,
					"seconds":	1.9999909400939941,
					"bytes":	30146560,
					"bits_per_second":	120586786.2524745,
					"retransmits":	0,
					"snd_cwnd":	6646320,
					"rtt":	147038,
					"rttvar":	101,
					"pmtu":	1500,
					"omitted":	false
				}],
			"sum":	{
				"start":	12.00006890296936,
				"end":	14.000059843063354,
				"seconds":	1.9999909400939941,
				"bytes":	30146560,
				"bits_per_second":	120586786.2524745,
				"retransmits":	0,
				"omitted":	false
			}
		}, {
			"streams":	[{
					"socket":	5,
					"start":	14.000059843063354,
					"end":	16.000059843063354,
					"seconds":	2,
					"bytes":	40632320,
					"bits_per_second":	162529280,
					"retransmits":	0,
					"snd_cwnd":	6657904,
					"rtt":	147038,
					"rttvar":	166,
					"pmtu":	1500,
					"omitted":	false
				}],
			"sum":	{
				"start":	14.000059843063354,
				"end":	16.000059843063354,
				"seconds":	2,
				"bytes":	40632320,
				"bits_per_second":	162529280,
				"retransmits":	0,
				"omitted":	false
			}
		}, {
			"streams":	[{
					"socket":	5,
					"start":	16.000059843063354,
					"end":	18.00006103515625,
					"seconds":	2.0000011920928955,
					"bytes":	39321600,
					"bits_per_second":	157286306.25005588,
					"retransmits":	0,
					"snd_cwnd":	6660800,
					"rtt":	147028,
					"rttvar":	103,
					"pmtu":	1500,
					"omitted":	false
				}],
			"sum":	{
				"start":	16.000059843063354,
				"end":	18.00006103515625,
				"seconds":	2.0000011920928955,
				"bytes":	39321600,
				"bits_per_second":	157286306.25005588,
				"retransmits":	0,
				"omitted":	false
			}
		}, {
			"streams":	[{
					"socket":	5,
					"start":	18.00006103515625,
					"end":	20.00006103515625,
					"seconds":	2,
					"bytes":	40632320,
					"bits_per_second":	162529280,
					"retransmits":	0,
					"snd_cwnd":	6666592,
					"rtt":	147014,
					"rttvar":	61,
					"pmtu":	1500,
					"omitted":	false
				}],
			"sum":	{
				"start":	18.00006103515625,
				"end":	20.00006103515625,
				"seconds":	2,
				"bytes":	40632320,
				"bits_per_second":	162529280,
				"retransmits":	0,
				"omitted":	false
			}
		}, {
			"streams":	[{
					"socket":	5,
					"start":	20.00006103515625,
					"end":	22.000058889389038,
					"seconds":	1.9999978542327881,
					"bytes":	40632320,
					"bits_per_second":	162529454.3751871,
					"retransmits":	0,
					"snd_cwnd":	6675280,
					"rtt":	147081,
					"rttvar":	100,
					"pmtu":	1500,
					"omitted":	false
				}],
			"sum":	{
				"start":	20.00006103515625,
				"end":	22.000058889389038,
				"seconds":	1.9999978542327881,
				"bytes":	40632320,
				"bits_per_second":	162529454.3751871,
				"retransmits":	0,
				"omitted":	false
			}
		}, {
			"streams":	[{
					"socket":	5,
					"start":	22.000058889389038,
					"end":	24.000059843063354,
					"seconds":	2.0000009536743164,
					"bytes":	39321600,
					"bits_per_second":	157286325.00003576,
					"retransmits":	0,
					"snd_cwnd":	6878000,
					"rtt":	147031,
					"rttvar":	136,
					"pmtu":	1500,
					"omitted":	false
				}],
			"sum":	{
				"start":	22.000058889389038,
				"end":	24.000059843063354,
				"seconds":	2.0000009536743164,
				"bytes":	39321600,
				"bits_per_second":	157286325.00003576,
				"retransmits":	0,
				"omitted":	false
			}
		}, {
			"streams":	[{
					"socket":	5,
					"start":	24.000059843063354,
					"end":	26.000058889389038,
					"seconds":	1.9999990463256836,
					"bytes":	40632320,
					"bits_per_second":	162529357.50003695,
					"retransmits":	0,
					"snd_cwnd":	6675280,
					"rtt":	147052,
					"rttvar":	71,
					"pmtu":	1500,
					"omitted":	false
				}],
			"sum":	{
				"start":	24.000059843063354,
				"end":	26.000058889389038,
				"seconds":	1.9999990463256836,
				"bytes":	40632320,
				"bits_per_second":	162529357.50003695,