{
	"start":	{
		"connected":	[{
				"socket":	5,
				"local_host":	"192.168.1.1",
				"local_port":	33574,
				"remote_host":	"192.168.4.2",
				"remote_port":	5201
			}],
		"version":	"iperf 3.5",
		"system_info":	"Linux h1 4.18.0-513.5.1.el8_9.x86_64 #1 SMP Fri Nov 17 03:31:10 UTC 2023 x86_64",
		"timestamp":	{
			"time":	"Wed, 24 Jan 2024 17:45:39 GMT",
			"timesecs":	1706118339
		},
		"connecting_to":	{
			"host":	"192.168.4.2",
			"port":	5201
		},
		"cookie":	"lgmdb2crnhdxevampjfyx7ddhizf4p75pkux",
		"tcp_mss_default":	1448,
		"sock_bufsize":	0,
		"sndbuf_actual":	16384,
		"rcvbuf_actual":	87380,
		"test_start":	{
			"protocol":	"TCP",
			"num_streams":	1,
			"blksize":	131072,
			"omit":	0,
			"duration":	0,
			"bytes":	1073741824,
			"blocks":	0,
			"reverse":	0,
			"tos":	0
		}
	},
	"intervals":	[{
			"streams":	[{
					"socket":	5,
					"start":	0,
					"end":	2.0000607967376709,
					"seconds":	2.0000607967376709,
					"bytes":	17917736,
					"bits_per_second":	71668765.3864358,
					"retransmits":	0,
					"snd_cwnd":	3156640,
					"rtt":	161564,
					"rttvar":	201,
					"pmtu":	1500,
					"omitted":	false
				}],
			"sum":	{
				"start":	0,
				"end":	2.0000607967376709,
				"seconds":	2.0000607967376709,
				"bytes":	17917736,
				"bits_per_second":	71668765.3864358,
				"retransmits":	0,
				"omitted":	false
			}
		}, {
			"streams":	[{
					"socket":	5,
					"start":	2.0000607967376709,
					"end":	4.0000138282775879,
					"seconds":	1.999953031539917,
					"bytes":	35389440,
					"bits_per_second":	141561084.45307222,
					"retransmits":	0,
					"snd_cwnd":	3156640,
					"rtt":	155513,
					"rttvar":	1504,
					"pmtu":	1500,
					"omitted":	false
				}],
			"sum":	{
				"start":	2.0000607967376709,
				"end":	4.0000138282775879,
				"seconds":	1.999953031539917,
				"bytes":	35389440,
				"bits_per_second":	141561084.45307222,
				"retransmits":	0,
				"omitted":	false
			}
		}, {
			"streams":	[{
					"socket":	5,
					"start":	4.0000138282775879,
					"end":	6.0000698566436768,
					"seconds":	2.0000560283660889,
					"bytes":	35389440,
					"bits_per_second":	141553794.48609063,
					"retransmits":	0,
					"snd_cwnd":	3156640,
					"rtt":	161353,
					"rttvar":	148,
					"pmtu":	1500,
					"omitted":	false
				}],
			"sum":	{
				"start":	4.0000138282775879,
				"end":	6.0000698566436768,
				"seconds":	2.0000560283660889,
				"bytes":	35389440,
				"bits_per_second":	141553794.48609063,
				"retransmits":	0,
				"omitted":	false
			}
		}, {
			"streams":	[{
					"socket":	5,
					"start":	6.0000698566436768,
					"end":	8.0000858306884766,
					"seconds":	2.0000159740448,
					"bytes":	35389440,
					"bits_per_second":	141556629.38403025,
					"retransmits":	0,
					"snd_cwnd":	3156640,
					"rtt":	161712,
					"rttvar":	232,
					"pmtu":	1500,
					"omitted":	false
				}],
			"sum":	{
				"start":	6.0000698566436768,
				"end":	8.0000858306884766,
				"seconds":	2.0000159740448,
				"bytes":	35389440,
				"bits_per_second":	141556629.38403025,
				"retransmits":	0,
				"omitted":	false
			}
		}, {
			"streams":	[{
					"socket":	5,
					"start":	8.0000858306884766,
					"end":	10.000061988830566,
					"seconds":	1.9999761581420898,
					"bytes":	38010880,
					"bits_per_second":	152045332.52160695,
					"retransmits":	0,
					"snd_cwnd":	3156640,
					"rtt":	150163,
					"rttvar":	1269,
					"pmtu":	1500,
					"omitted":	false
				}],
			"sum":	{
				"start":	8.0000858306884766,
				"end":	10.000061988830566,
				"seconds":	1.9999761581420898,
				"bytes":	38010880,
				"bits_per_second":	152045332.52160695,
				"retransmits":	0,
				"omitted":	false
			}
		}, {
			"streams":	[{
					"socket":	5,
					"start":	10.000061988830566,
					"end":	12.000114917755127,
					"seconds":	2.0000529289245605,
					"bytes":	34078720,
					"bits_per_second":	136311272.595468,
					"retransmits":	0,
					"snd_cwnd":	3156640,
					"rtt":	166619,
					"rttvar":	10258,
					"pmtu":	1500,
					"omitted":	false
				}],
			"sum":	{
				"start":	10.000061988830566,
				"end":	12.000114917755127,
				"seconds":	2.0000529289245605,
				"bytes":	34078720,
				"bits_per_second":	136311272.595468,
				"retransmits":	0,
				"omitted":	false
			}
		}, {
			"streams":	[{
					"socket":	5,
					"start":	12.000114917755127,
					"end":	14.0000638961792,
					"seconds":	1.9999489784240723,
					"bytes":	38010880,
					"bits_per_second":	152047398.8489525,
					"retransmits":	0,
					"snd_cwnd":	3156640,
					"rtt":	159697,
					"rttvar":	674,
					"pmtu":	1500,
					"omitted":	false
				}],
			"sum":	{
				"start":	12.000114917755127,
				"end":	14.0000638961792,
				"seconds":	1.9999489784240723,
				"bytes":	38010880,
				"bits_per_second":	152047398.8489525,
				"retransmits":	0,
				"omitted":	false
			}
		}, {
			"streams":	[{
					"socket":	5,
					"start":	14.0000638961792,
					"end":	16.000061988830566,
					"seconds":	1.9999980926513672,
					"bytes":	35389440,
					"bits_per_second":	141557895.00012875,
					"retransmits":	0,
					"snd_cwnd":	3156640,
					"rtt":	161202,
					"rttvar":	594,
					"pmtu":	1500,
					"omitted":	false
				}],
			"sum":	{
				"start":	14.0000638961792,
				"end":	16.000061988830566,
				"seconds":	1.9999980926513672,
				"bytes":	35389440,
				"bits_per_second":	141557895.00012875,
				"retransmits":	0,
				"omitted":	false
			}
		}, {
			"streams":	[{
					"socket":	5,
					"start":	16.000061988830566,
					"end":	18.000061988830566,
					"seconds":	2,
					"bytes":	35389440,
					"bits_per_second":	141557760,
					"retransmits":	0,
					"snd_cwnd":	3156640,
					"rtt":	161349,
					"rttvar":	172,
					"pmtu":	1500,
					"omitted":	false
				}],
			"sum":	{
				"start":	16.000061988830566,
				"end":	18.000061988830566,
				"seconds":	2,
				"bytes":	35389440,
				"bits_per_second":	141557760,
				"retransmits":	0,
				"omitted":	false
			}
		}, {
			"streams":	[{
					"socket":	5,
					"start":	18.000061988830566,
					"end":	20.000066995620728,
					"seconds":	2.0000050067901611,
					"bytes":	35389440,
					"bits_per_second":	141557405.62588713,
					"retransmits":	0,
					"snd_cwnd":	3156640,
					"rtt":	161574,
					"rttvar":	225,
					"pmtu":	1500,
					"omitted":	false
				}],
			"sum":	{
				"start":	18.000061988830566,
				"end":	20.000066995620728,
				"seconds":	2.0000050067901611,
				"bytes":	35389440,
				"bits_per_second":	141557405.62588713,
				"retransmits":	0,
				"omitted":	false
			}
		}, {
			"streams":	[{
					"socket":	5,
					"start":	20.000066995620728,
					"end":	22.000121831893921,
					"seconds":	2.0000548362731934,
					"bytes":	35389440,
					"bits_per_second":	141553878.85641372,
					"retransmits":	0,
					"snd_cwnd":	3156640,
					"rtt":	152498,
					"rttvar":	10329,
					"pmtu":	1500,
					"omitted":	false
				}],
			"sum":	{
				"start":	20.000066995620728,
				"end":	22.000121831893921,
				"seconds":	2.0000548362731934,
				"bytes":	35389440,
				"bits_per_second":	141553878.85641372,
				"retransmits":	0,
				"omitted":	false
			}
		}, {
			"streams":	[{
					"socket":	5,
					"start":	22.000121831893921,
					"end":	24.000069856643677,
					"seconds":	1.9999480247497559,
					"bytes":	36700160,
					"bits_per_second":	146804455.09914535,
					"retransmits":	0,
					"snd_cwnd":	3156640,
					"rtt":	161586,
					"rttvar":	260,
					"pmtu":	1500,
					"omitted":	false
				}],
			"sum":	{
				"start":	22.000121831893921,
				"end":	24.000069856643677,
				"seconds":	1.9999480247497559,
				"bytes":	36700160,
				"bits_per_second":	146804455.09914535,
				"retransmits":	0,
				"omitted":	false
			}
		}, {
			"streams":	[{
					"socket":	5,
					"start":	24.000069856643677,
					"end":	26.0000638961792,
					"seconds":	1.9999940395355225,
					"bytes":	35389440,
					"bits_per_second":	141558181.8762573,
					"retransmits":	0,
					"snd_cwnd":	3156640,
					"rtt":	161719,
					"rttvar":	242,
					"pmtu":	1500,
					"omitted":	false
				}],
			"sum":	{
				"start":	24.000069856643677,