{
	"start":	{
		"connected":	[{
				"socket":	5,
				"local_host":	"192.168.1.1",
				"local_port":	56410,
				"remote_host":	"192.168.4.2",
				"remote_port":	5201
			}],
		"version":	"iperf 3.5",
		"system_info":	"Linux h1 4.18.0-513.5.1.el8_9.x86_64 #1 SMP Fri Nov 17 03:31:10 UTC 2023 x86_64",
		"timestamp":	{
			"time":	"Wed, 24 Jan 2024 20:36:26 GMT",
			"timesecs":	1706128586
		},
		"connecting_to":	{
			"host":	"192.168.4.2",
			"port":	5201
		},
		"cookie":	"2voasm4y2g56tnx3kuy3rdtvjnhkdbsygshs",
		"tcp_mss_default":	1448,
		"sock_bufsize":	0,
		"sndbuf_actual":	16384,
		"rcvbuf_actual":	87380,
		"test_start":	{
			"protocol":	"TCP",
			"num_streams":	1,
			"blksize":	131072,
			"omit":	0,
			"duration":	0,
			"bytes":	1073741824,
			"blocks":	0,
			"reverse":	0,
			"tos":	0
		}
	},
	"intervals":	[{
			"streams":	[{
					"socket":	5,
					"start":	0,
					"end":	2.0000588893890381,
					"seconds":	2.0000588893890381,
					"bytes":	43273192,
					"bits_per_second":	173087671.48638806,
					"retransmits":	0,
					"snd_cwnd":	9120952,
					"rtt":	95468,
					"rttvar":	1581,
					"pmtu":	1500,
					"omitted":	false
				}],
			"sum":	{
				"start":	0,
				"end":	2.0000588893890381,
				"seconds":	2.0000588893890381,
				"bytes":	43273192,
				"bits_per_second":	173087671.48638806,
				"retransmits":	0,
				"omitted":	false
			}
		}, {
			"streams":	[{
					"socket":	5,
					"start":	2.0000588893890381,
					"end":	4.0000588893890381,
					"seconds":	2,
					"bytes":	65536000,
					"bits_per_second":	262144000,
					"retransmits":	0,
					"snd_cwnd":	9120952,
					"rtt":	89682,
					"rttvar":	265,
					"pmtu":	1500,
					"omitted":	false
				}],
			"sum":	{
				"start":	2.0000588893890381,
				"end":	4.0000588893890381,
				"seconds":	2,
				"bytes":	65536000,
				"bits_per_second":	262144000,
				"retransmits":	0,
				"omitted":	false
			}
		}, {
			"streams":	[{
					"socket":	5,
					"start":	4.0000588893890381,
					"end":	6.0000600814819336,
					"seconds":	2.0000011920928955,
					"bytes":	64225280,
					"bits_per_second":	256900966.87509125,
					"retransmits":	0,
					"snd_cwnd":	9120952,
					"rtt":	90534,
					"rttvar":	639,
					"pmtu":	1500,
					"omitted":	false
				}],
			"sum":	{
				"start":	4.0000588893890381,
				"end":	6.0000600814819336,
				"seconds":	2.0000011920928955,
				"bytes":	64225280,
				"bits_per_second":	256900966.87509125,
				"retransmits":	0,
				"omitted":	false
			}
		}, {
			"streams":	[{
					"socket":	5,
					"start":	6.0000600814819336,
					"end":	8.0000588893890381,
					"seconds":	1.9999988079071045,
					"bytes":	64225280,
					"bits_per_second":	256901273.12509128,
					"retransmits":	0,
					"snd_cwnd":	9120952,
					"rtt":	93073,
					"rttvar":	160,
					"pmtu":	1500,
					"omitted":	false
				}],
			"sum":	{
				"start":	6.0000600814819336,
				"end":	8.0000588893890381,
				"seconds":	1.9999988079071045,
				"bytes":	64225280,
				"bits_per_second":	256901273.12509128,
				"retransmits":	0,
				"omitted":	false
			}
		}, {
			"streams":	[{
					"socket":	5,
					"start":	8.0000588893890381,
					"end":	10.00006103515625,
					"seconds":	2.0000021457672119,
					"bytes":	65536000,
					"bits_per_second":	262143718.75030175,
					"retransmits":	0,
					"snd_cwnd":	9120952,
					"rtt":	93083,
					"rttvar":	171,
					"pmtu":	1500,
					"omitted":	false
				}],
			"sum":	{
				"start":	8.0000588893890381,
				"end":	10.00006103515625,
				"seconds":	2.0000021457672119,
				"bytes":	65536000,
				"bits_per_second":	262143718.75030175,
				"retransmits":	0,
				"omitted":	false
			}
		}, {
			"streams":	[{
					"socket":	5,
					"start":	10.00006103515625,
					"end":	12.00006103515625,
					"seconds":	2,
					"bytes":	64225280,
					"bits_per_second":	256901120,
					"retransmits":	0,
					"snd_cwnd":	9120952,
					"rtt":	96449,
					"rttvar":	909,
					"pmtu":	1500,
					"omitted":	false
				}],
			"sum":	{
				"start":	10.00006103515625,
				"end":	12.00006103515625,
				"seconds":	2,
				"bytes":	64225280,
				"bits_per_second":	256901120,
				"retransmits":	0,
				"omitted":	false
			}
		}, {
			"streams":	[{
					"socket":	5,
					"start":	12.00006103515625,
					"end":	14.000062942504883,
					"seconds":	2.0000019073486328,
					"bytes":	55050240,
					"bits_per_second":	220200750.00020027,
					"retransmits":	0,
					"snd_cwnd":	9204936,
					"rtt":	97465,
					"rttvar":	1135,
					"pmtu":	1500,
					"omitted":	false
				}],
			"sum":	{
				"start":	12.00006103515625,
				"end":	14.000062942504883,
				"seconds":	2.0000019073486328,
				"bytes":	55050240,
				"bits_per_second":	220200750.00020027,
				"retransmits":	0,
				"omitted":	false
			}
		}, {
			"streams":	[{
					"socket":	5,
					"start":	14.000062942504883,
					"end":	16.000058889389038,
					"seconds":	1.9999959468841553,
					"bytes":	65536000,
					"bits_per_second":	262144531.25107661,
					"retransmits":	0,
					"snd_cwnd":	9204936,
					"rtt":	91583,
					"rttvar":	1864,
					"pmtu":	1500,
					"omitted":	false
				}],
			"sum":	{
				"start":	14.000062942504883,
				"end":	16.000058889389038,
				"seconds":	1.9999959468841553,
				"bytes":	65536000,
				"bits_per_second":	262144531.25107661,
				"retransmits":	0,
				"omitted":	false
			}
		}, {
			"streams":	[{
					"socket":	5,
					"start":	16.000058889389038,
					"end":	18.00006103515625,
					"seconds":	2.0000021457672119,
					"bytes":	64225280,
					"bits_per_second":	256900844.3752957,
					"retransmits":	0,
					"snd_cwnd":	9204936,
					"rtt":	91966,
					"rttvar":	1799,
					"pmtu":	1500,
					"omitted":	false
				}],
			"sum":	{
				"start":	16.000058889389038,
				"end":	18.00006103515625,
				"seconds":	2.0000021457672119,
				"bytes":	64225280,
				"bits_per_second":	256900844.3752957,
				"retransmits":	0,
				"omitted":	false
			}
		}, {
			"streams":	[{
					"socket":	5,
					"start":	18.00006103515625,
					"end":	20.0000638961792,
					"seconds":	2.0000028610229492,
					"bytes":	64225280,
					"bits_per_second":	256900752.50052571,
					"retransmits":	0,
					"snd_cwnd":	9204936,
					"rtt":	99484,
					"rttvar":	134,
					"pmtu":	1500,
					"omitted":	false
				}],
			"sum":	{
				"start":	18.00006103515625,
				"end":	20.0000638961792,
				"seconds":	2.0000028610229492,
				"bytes":	64225280,
				"bits_per_second":	256900752.50052571,
				"retransmits":	0,
				"omitted":	false
			}
		}, {
			"streams":	[{
					"socket":	5,
					"start":	20.0000638961792,
					"end":	22.000080108642578,
					"seconds":	2.0000162124633789,
					"bytes":	65536000,
					"bits_per_second":	262141875.01722559,
					"retransmits":	0,
					"snd_cwnd":	9204936,
					"rtt":	89654,
					"rttvar":	830,
					"pmtu":	1500,
					"omitted":	false
				}],
			"sum":	{
				"start":	20.0000638961792,
				"end":	22.000080108642578,
				"seconds":	2.0000162124633789,
				"bytes":	65536000,
				"bits_per_second":	262141875.01722559,
				"retransmits":	0,
				"omitted":	false
			}
		}, {
			"streams":	[{
					"socket":	5,
					"start":	22.000080108642578,
					"end":	24.000060081481934,
					"seconds":	1.9999799728393555,
					"bytes":	64225280,
					"bits_per_second":	256903692.5257602,
					"retransmits":	0,
					"snd_cwnd":	9204936,
					"rtt":	99042,
					"rttvar":	1355,
					"pmtu":	1500,
					"omitted":	false
				}],
			"sum":	{
				"start":	22.000080108642578,
				"end":	24.000060081481934,
				"seconds":	1.9999799728393555,
				"bytes":	64225280,
				"bits_per_second":	256903692.5257602,
				"retransmits":	0,
				"omitted":	false
			}
		}, {
			"streams":	[{
					"socket":	5,
					"start":	24.000060081481934,
					"end":	26.000057935714722,
					"seconds":	1.9999978542327881,
					"bytes":	65536000,
					"bits_per_second":	262144281.25030175,
					"retransmits":	0,
					"snd_cwnd":	9204936,
					"rtt":	96006,
					"rttvar":	242,
					"pmtu":	1500,
					"omitted":	false
				}],
			"sum":	{
				"start":	24.000060081481934,
				"end":	26.000057935714722,