{
	"start":	{
		"connected":	[{
				"socket":	5,
				"local_host":	"192.168.1.1",
				"local_port":	49680,
				"remote_host":	"192.168.4.2",
				"remote_port":	5201
			}],
		"version":	"iperf 3.5",
		"system_info":	"Linux h1 4.18.0-513.5.1.el8_9.x86_64 #1 SMP Fri Nov 17 03:31:10 UTC 2023 x86_64",
		"timestamp":	{
			"time":	"Wed, 24 Jan 2024 20:35:11 GMT",
			"timesecs":	1706128511
		},
		"connecting_to":	{
			"host":	"192.168.4.2",
			"port":	5201
		},
		"cookie":	"nlgi3am2pvp5ry6zzzeufzmmlsxgvpla5qdd",
		"tcp_mss_default":	1448,
		"sock_bufsize":	0,
		"sndbuf_actual":	16384,
		"rcvbuf_actual":	87380,
		"test_start":	{
			"protocol":	"TCP",
			"num_streams":	1,
			"blksize":	131072,
			"omit":	0,
			"duration":	0,
			"bytes":	1073741824,
			"blocks":	0,
			"reverse":	0,
			"tos":	0
		}
	},
	"intervals":	[{
			"streams":	[{
					"socket":	5,
					"start":	0,
					"end":	2.0000600814819336,
					"seconds":	2.0000600814819336,
					"bytes":	43674528,
					"bits_per_second":	174692864.09692091,
					"retransmits":	0,
					"snd_cwnd":	8968912,
					"rtt":	98998,
					"rttvar":	432,
					"pmtu":	1500,
					"omitted":	false
				}],
			"sum":	{
				"start":	0,
				"end":	2.0000600814819336,
				"seconds":	2.0000600814819336,
				"bytes":	43674528,
				"bits_per_second":	174692864.09692091,
				"retransmits":	0,
				"omitted":	false
			}
		}, {
			"streams":	[{
					"socket":	5,
					"start":	2.0000600814819336,
					"end":	4.0000619888305664,
					"seconds":	2.0000019073486328,
					"bytes":	64225280,
					"bits_per_second":	256900875.00023365,
					"retransmits":	0,
					"snd_cwnd":	9194800,
					"rtt":	88443,
					"rttvar":	706,
					"pmtu":	1500,
					"omitted":	false
				}],
			"sum":	{
				"start":	2.0000600814819336,
				"end":	4.0000619888305664,
				"seconds":	2.0000019073486328,
				"bytes":	64225280,
				"bits_per_second":	256900875.00023365,
				"retransmits":	0,
				"omitted":	false
			}
		}, {
			"streams":	[{
					"socket":	5,
					"start":	4.0000619888305664,
					"end":	6.0000619888305664,
					"seconds":	2,
					"bytes":	64225280,
					"bits_per_second":	256901120,
					"retransmits":	0,
					"snd_cwnd":	9235344,
					"rtt":	99476,
					"rttvar":	137,
					"pmtu":	1500,
					"omitted":	false
				}],
			"sum":	{
				"start":	4.0000619888305664,
				"end":	6.0000619888305664,
				"seconds":	2,
				"bytes":	64225280,
				"bits_per_second":	256901120,
				"retransmits":	0,
				"omitted":	false
			}
		}, {
			"streams":	[{
					"socket":	5,
					"start":	6.0000619888305664,
					"end":	8.0000619888305664,
					"seconds":	2,
					"bytes":	65536000,
					"bits_per_second":	262144000,
					"retransmits":	0,
					"snd_cwnd":	9235344,
					"rtt":	94139,
					"rttvar":	1046,
					"pmtu":	1500,
					"omitted":	false
				}],
			"sum":	{
				"start":	6.0000619888305664,
				"end":	8.0000619888305664,
				"seconds":	2,
				"bytes":	65536000,
				"bits_per_second":	262144000,
				"retransmits":	0,
				"omitted":	false
			}
		}, {
			"streams":	[{
					"socket":	5,
					"start":	8.0000619888305664,
					"end":	10.000060081481934,
					"seconds":	1.9999980926513672,
					"bytes":	64225280,
					"bits_per_second":	256901365.00023365,
					"retransmits":	0,
					"snd_cwnd":	9235344,
					"rtt":	98396,
					"rttvar":	308,
					"pmtu":	1500,
					"omitted":	false
				}],
			"sum":	{
				"start":	8.0000619888305664,
				"end":	10.000060081481934,
				"seconds":	1.9999980926513672,
				"bytes":	64225280,
				"bits_per_second":	256901365.00023365,
				"retransmits":	0,
				"omitted":	false
			}
		}, {
			"streams":	[{
					"socket":	5,
					"start":	10.000060081481934,
					"end":	12.000060081481934,
					"seconds":	2,
					"bytes":	65536000,
					"bits_per_second":	262144000,
					"retransmits":	0,
					"snd_cwnd":	9235344,
					"rtt":	89869,
					"rttvar":	732,
					"pmtu":	1500,
					"omitted":	false
				}],
			"sum":	{
				"start":	10.000060081481934,
				"end":	12.000060081481934,
				"seconds":	2,
				"bytes":	65536000,
				"bits_per_second":	262144000,
				"retransmits":	0,
				"omitted":	false
			}
		}, {
			"streams":	[{
					"socket":	5,
					"start":	12.000060081481934,
					"end":	14.00006103515625,
					"seconds":	2.0000009536743164,
					"bytes":	64225280,
					"bits_per_second":	256900997.50005841,
					"retransmits":	0,
					"snd_cwnd":	9235344,
					"rtt":	95652,
					"rttvar":	844,
					"pmtu":	1500,
					"omitted":	false
				}],
			"sum":	{
				"start":	12.000060081481934,
				"end":	14.00006103515625,
				"seconds":	2.0000009536743164,
				"bytes":	64225280,
				"bits_per_second":	256900997.50005841,
				"retransmits":	0,
				"omitted":	false
			}
		}, {
			"streams":	[{
					"socket":	5,
					"start":	14.00006103515625,
					"end":	16.000061988830566,
					"seconds":	2.0000009536743164,
					"bytes":	64225280,
					"bits_per_second":	256900997.50005841,
					"retransmits":	0,
					"snd_cwnd":	9235344,
					"rtt":	99760,
					"rttvar":	97,
					"pmtu":	1500,
					"omitted":	false
				}],
			"sum":	{
				"start":	14.00006103515625,
				"end":	16.000061988830566,
				"seconds":	2.0000009536743164,
				"bytes":	64225280,
				"bits_per_second":	256900997.50005841,
				"retransmits":	0,
				"omitted":	false
			}
		}, {
			"streams":	[{
					"socket":	5,
					"start":	16.000061988830566,
					"end":	18.000061988830566,
					"seconds":	2,
					"bytes":	65536000,
					"bits_per_second":	262144000,
					"retransmits":	0,
					"snd_cwnd":	9235344,
					"rtt":	92950,
					"rttvar":	961,
					"pmtu":	1500,
					"omitted":	false
				}],
			"sum":	{
				"start":	16.000061988830566,
				"end":	18.000061988830566,
				"seconds":	2,
				"bytes":	65536000,
				"bits_per_second":	262144000,
				"retransmits":	0,
				"omitted":	false
			}
		}, {
			"streams":	[{
					"socket":	5,
					"start":	18.000061988830566,
					"end":	20.000062942504883,
					"seconds":	2.0000009536743164,
					"bytes":	64225280,
					"bits_per_second":	256900997.50005841,
					"retransmits":	0,
					"snd_cwnd":	9235344,
					"rtt":	99051,
					"rttvar":	667,
					"pmtu":	1500,
					"omitted":	false
				}],
			"sum":	{
				"start":	18.000061988830566,
				"end":	20.000062942504883,
				"seconds":	2.0000009536743164,
				"bytes":	64225280,
				"bits_per_second":	256900997.50005841,
				"retransmits":	0,
				"omitted":	false
			}
		}, {
			"streams":	[{
					"socket":	5,
					"start":	20.000062942504883,
					"end":	22.00006103515625,
					"seconds":	1.9999980926513672,
					"bytes":	53739520,
					"bits_per_second":	214958285.0001955,
					"retransmits":	0,
					"snd_cwnd":	9235344,
					"rtt":	93061,
					"rttvar":	1458,
					"pmtu":	1500,
					"omitted":	false
				}],
			"sum":	{
				"start":	20.000062942504883,
				"end":	22.00006103515625,
				"seconds":	1.9999980926513672,
				"bytes":	53739520,
				"bits_per_second":	214958285.0001955,
				"retransmits":	0,
				"omitted":	false
			}
		}, {
			"streams":	[{
					"socket":	5,
					"start":	22.00006103515625,
					"end":	24.000066041946411,
					"seconds":	2.0000050067901611,
					"bytes":	64225280,
					"bits_per_second":	256900476.87660998,
					"retransmits":	0,
					"snd_cwnd":	9235344,
					"rtt":	89389,
					"rttvar":	410,
					"pmtu":	1500,
					"omitted":	false
				}],
			"sum":	{
				"start":	22.00006103515625,
				"end":	24.000066041946411,
				"seconds":	2.0000050067901611,
				"bytes":	64225280,
				"bits_per_second":	256900476.87660998,
				"retransmits":	0,
				"omitted":	false
			}
		}, {
			"streams":	[{
					"socket":	5,
					"start":	24.000066041946411,
					"end":	26.000060081481934,
					"seconds":	1.9999940395355225,
					"bytes":	65536000,
					"bits_per_second":	262144781.25232831,
					"retransmits":	0,
					"snd_cwnd":	9235344,
					"rtt":	91978,
					"rttvar":	1918,
					"pmtu":	1500,
					"omitted":	false
				}],
			"sum":	{
				"start":	24.000066041946411,
				"end":	26.000060081481934,
				"seconds":	1.9999940395355225,
				"bytes":	65536000,
				"bits_per_second":	262144781.25232831,
				"retransmits":	0,