{
	"start":	{
		"connected":	[{
				"socket":	5,
				"local_host":	"192.168.1.1",
				"local_port":	51036,
				"remote_host":	"192.168.4.2",
				"remote_port":	5201
			}],
		"version":	"iperf 3.5",
		"system_info":	"Linux h1 4.18.0-513.5.1.el8_9.x86_64 #1 SMP Fri Nov 17 03:31:10 UTC 2023 x86_64",
		"timestamp":	{
			"time":	"Wed, 24 Jan 2024 20:35:48 GMT",
			"timesecs":	1706128548
		},
		"connecting_to":	{
			"host":	"192.168.4.2",
			"port":	5201
		},
		"cookie":	"2s4e76yd2ebxoyvsckln5edwab6ajshm3cbo",
		"tcp_mss_default":	1448,
		"sock_bufsize":	0,
		"sndbuf_actual":	16384,
		"rcvbuf_actual":	87380,
		"test_start":	{
			"protocol":	"TCP",
			"num_streams":	1,
			"blksize":	131072,
			"omit":	0,
			"duration":	0,
			"bytes":	1073741824,
			"blocks":	0,
			"reverse":	0,
			"tos":	0
		}
	},
	"intervals":	[{
			"streams":	[{
					"socket":	5,
					"start":	0,
					"end":	2.00006103515625,
					"seconds":	2.00006103515625,
					"bytes":	43132736,
					"bits_per_second":	172525678.93411455,
					"retransmits":	0,
					"snd_cwnd":	9081856,
					"rtt":	96030,
					"rttvar":	1029,
					"pmtu":	1500,
					"omitted":	false
				}],
			"sum":	{
				"start":	0,
				"end":	2.00006103515625,
				"seconds":	2.00006103515625,
				"bytes":	43132736,
				"bits_per_second":	172525678.93411455,
				"retransmits":	0,
				"omitted":	false
			}
		}, {
			"streams":	[{
					"socket":	5,
					"start":	2.00006103515625,
					"end":	4.0000631809234619,
					"seconds":	2.0000021457672119,
					"bytes":	64225280,
					"bits_per_second":	256900844.3752957,
					"retransmits":	0,
					"snd_cwnd":	9081856,
					"rtt":	92689,
					"rttvar":	181,
					"pmtu":	1500,
					"omitted":	false
				}],
			"sum":	{
				"start":	2.00006103515625,
				"end":	4.0000631809234619,
				"seconds":	2.0000021457672119,
				"bytes":	64225280,
				"bits_per_second":	256900844.3752957,
				"retransmits":	0,
				"omitted":	false
			}
		}, {
			"streams":	[{
					"socket":	5,
					"start":	4.0000631809234619,
					"end":	6.0000619888305664,
					"seconds":	1.9999988079071045,
					"bytes":	65536000,
					"bits_per_second":	262144156.25009313,
					"retransmits":	0,
					"snd_cwnd":	9081856,
					"rtt":	90478,
					"rttvar":	722,
					"pmtu":	1500,
					"omitted":	false
				}],
			"sum":	{
				"start":	4.0000631809234619,
				"end":	6.0000619888305664,
				"seconds":	1.9999988079071045,
				"bytes":	65536000,
				"bits_per_second":	262144156.25009313,
				"retransmits":	0,
				"omitted":	false
			}
		}, {
			"streams":	[{
					"socket":	5,
					"start":	6.0000619888305664,
					"end":	8.00006103515625,
					"seconds":	1.9999990463256836,
					"bytes":	64225280,
					"bits_per_second":	256901242.50005841,
					"retransmits":	0,
					"snd_cwnd":	9081856,
					"rtt":	98114,
					"rttvar":	323,
					"pmtu":	1500,
					"omitted":	false
				}],
			"sum":	{
				"start":	6.0000619888305664,
				"end":	8.00006103515625,
				"seconds":	1.9999990463256836,
				"bytes":	64225280,
				"bits_per_second":	256901242.50005841,
				"retransmits":	0,
				"omitted":	false
			}
		}, {
			"streams":	[{
					"socket":	5,
					"start":	8.00006103515625,
					"end":	10.000073194503784,
					"seconds":	2.0000121593475342,
					"bytes":	65536000,
					"bits_per_second":	262142406.25968942,
					"retransmits":	0,
					"snd_cwnd":	9219416,
					"rtt":	87861,
					"rttvar":	210,
					"pmtu":	1500,
					"omitted":	false
				}],
			"sum":	{
				"start":	8.00006103515625,
				"end":	10.000073194503784,
				"seconds":	2.0000121593475342,
				"bytes":	65536000,
				"bits_per_second":	262142406.25968942,
				"retransmits":	0,
				"omitted":	false
			}
		}, {
			"streams":	[{
					"socket":	5,
					"start":	10.000073194503784,
					"end":	12.0000741481781,
					"seconds":	2.0000009536743164,
					"bytes":	55050240,
					"bits_per_second":	220200855.00005007,
					"retransmits":	0,
					"snd_cwnd":	9219416,
					"rtt":	88297,
					"rttvar":	129,
					"pmtu":	1500,
					"omitted":	false
				}],
			"sum":	{
				"start":	10.000073194503784,
				"end":	12.0000741481781,
				"seconds":	2.0000009536743164,
				"bytes":	55050240,
				"bits_per_second":	220200855.00005007,
				"retransmits":	0,
				"omitted":	false
			}
		}, {
			"streams":	[{
					"socket":	5,
					"start":	12.0000741481781,
					"end":	14.000063180923462,
					"seconds":	1.9999890327453613,
					"bytes":	64225280,
					"bits_per_second":	256902528.75772509,
					"retransmits":	0,
					"snd_cwnd":	9219416,
					"rtt":	97632,
					"rttvar":	844,
					"pmtu":	1500,
					"omitted":	false
				}],
			"sum":	{
				"start":	12.0000741481781,
				"end":	14.000063180923462,
				"seconds":	1.9999890327453613,
				"bytes":	64225280,
				"bits_per_second":	256902528.75772509,
				"retransmits":	0,
				"omitted":	false
			}
		}, {
			"streams":	[{
					"socket":	5,
					"start":	14.000063180923462,
					"end":	16.00006103515625,
					"seconds":	1.9999978542327881,
					"bytes":	65536000,
					"bits_per_second":	262144281.25030175,
					"retransmits":	0,
					"snd_cwnd":	9219416,
					"rtt":	88804,
					"rttvar":	463,
					"pmtu":	1500,
					"omitted":	false
				}],
			"sum":	{
				"start":	14.000063180923462,
				"end":	16.00006103515625,
				"seconds":	1.9999978542327881,
				"bytes":	65536000,
				"bits_per_second":	262144281.25030175,
				"retransmits":	0,
				"omitted":	false
			}
		}, {
			"streams":	[{
					"socket":	5,
					"start":	16.00006103515625,
					"end":	18.000060081481934,
					"seconds":	1.9999990463256836,
					"bytes":	64225280,
					"bits_per_second":	256901242.50005841,
					"retransmits":	0,
					"snd_cwnd":	9219416,
					"rtt":	92205,
					"rttvar":	1038,
					"pmtu":	1500,
					"omitted":	false
				}],
			"sum":	{
				"start":	16.00006103515625,
				"end":	18.000060081481934,
				"seconds":	1.9999990463256836,
				"bytes":	64225280,
				"bits_per_second":	256901242.50005841,
				"retransmits":	0,
				"omitted":	false
			}
		}, {
			"streams":	[{
					"socket":	5,
					"start":	18.000060081481934,
					"end":	20.000061988830566,
					"seconds":	2.0000019073486328,
					"bytes":	64225280,
					"bits_per_second":	256900875.00023365,
					"retransmits":	0,
					"snd_cwnd":	9219416,
					"rtt":	93893,
					"rttvar":	241,
					"pmtu":	1500,
					"omitted":	false
				}],
			"sum":	{
				"start":	18.000060081481934,
				"end":	20.000061988830566,
				"seconds":	2.0000019073486328,
				"bytes":	64225280,
				"bits_per_second":	256900875.00023365,
				"retransmits":	0,
				"omitted":	false
			}
		}, {
			"streams":	[{
					"socket":	5,
					"start":	20.000061988830566,
					"end":	22.000070095062256,
					"seconds":	2.0000081062316895,
					"bytes":	65536000,
					"bits_per_second":	262142937.50430641,
					"retransmits":	0,
					"snd_cwnd":	9219416,
					"rtt":	90984,
					"rttvar":	173,
					"pmtu":	1500,
					"omitted":	false
				}],
			"sum":	{
				"start":	20.000061988830566,
				"end":	22.000070095062256,
				"seconds":	2.0000081062316895,
				"bytes":	65536000,
				"bits_per_second":	262142937.50430641,
				"retransmits":	0,
				"omitted":	false
			}
		}, {
			"streams":	[{
					"socket":	5,
					"start":	22.000070095062256,
					"end":	24.000070095062256,
					"seconds":	2,
					"bytes":	64225280,
					"bits_per_second":	256901120,
					"retransmits":	0,
					"snd_cwnd":	9219416,
					"rtt":	98681,
					"rttvar":	1018,
					"pmtu":	1500,
					"omitted":	false
				}],
			"sum":	{
				"start":	22.000070095062256,
				"end":	24.000070095062256,
				"seconds":	2,
				"bytes":	64225280,
				"bits_per_second":	256901120,
				"retransmits":	0,
				"omitted":	false
			}
		}, {
			"streams":	[{
					"socket":	5,
					"start":	24.000070095062256,
					"end":	26.00006103515625,
					"seconds":	1.9999909400939941,
					"bytes":	65536000,
					"bits_per_second":	262145187.50537935,
					"retransmits":	0,
					"snd_cwnd":	9219416,
					"rtt":	87896,
					"rttvar":	264,
					"pmtu":	1500,
					"omitted":	false
				}],
			"sum":	{
				"start":	24.000070095062256,