{
	"start":	{
		"connected":	[{
				"socket":	5,
				"local_host":	"192.168.1.1",
				"local_port":	42488,
				"remote_host":	"192.168.4.2",
				"remote_port":	5201
			}],
		"version":	"iperf 3.5",
		"system_info":	"Linux h1 4.18.0-513.5.1.el8_9.x86_64 #1 SMP Fri Nov 17 03:31:10 UTC 2023 x86_64",
		"timestamp":	{
			"time":	"Wed, 24 Jan 2024 20:32:24 GMT",
			"timesecs":	1706128344
		},
		"connecting_to":	{
			"host":	"192.168.4.2",
			"port":	5201
		},
		"cookie":	"oez2xdk2zwpxfg3n6yj37tk4slzjotsdjcet",
		"tcp_mss_default":	1448,
		"sock_bufsize":	0,
		"sndbuf_actual":	16384,
		"rcvbuf_actual":	87380,
		"test_start":	{
			"protocol":	"TCP",
			"num_streams":	1,
			"blksize":	131072,
			"omit":	0,
			"duration":	0,
			"bytes":	1073741824,
			"blocks":	0,
			"reverse":	0,
			"tos":	0
		}
	},
	"intervals":	[{
			"streams":	[{
					"socket":	5,
					"start":	0,
					"end":	2.00006103515625,
					"seconds":	2.00006103515625,
					"bytes":	28487936,
					"bits_per_second":	113948266.5748726,
					"retransmits":	2664,
					"snd_cwnd":	5849920,
					"rtt":	87078,
					"rttvar":	113,
					"pmtu":	1500,
					"omitted":	false
				}],
			"sum":	{
				"start":	0,
				"end":	2.00006103515625,
				"seconds":	2.00006103515625,
				"bytes":	28487936,
				"bits_per_second":	113948266.5748726,
				"retransmits":	2664,
				"omitted":	false
			}
		}, {
			"streams":	[{
					"socket":	5,
					"start":	2.00006103515625,
					"end":	4.0000851154327393,
					"seconds":	2.0000240802764893,
					"bytes":	51118080,
					"bits_per_second":	204469858.15464097,
					"retransmits":	610,
					"snd_cwnd":	2777264,
					"rtt":	89538,
					"rttvar":	242,
					"pmtu":	1500,
					"omitted":	false
				}],
			"sum":	{
				"start":	2.00006103515625,
				"end":	4.0000851154327393,
				"seconds":	2.0000240802764893,
				"bytes":	51118080,
				"bits_per_second":	204469858.15464097,
				"retransmits":	610,
				"omitted":	false
			}
		}, {
			"streams":	[{
					"socket":	5,
					"start":	4.0000851154327393,
					"end":	6.0000591278076172,
					"seconds":	1.9999740123748779,
					"bytes":	52428800,
					"bits_per_second":	209717925.03540859,
					"retransmits":	626,
					"snd_cwnd":	5858608,
					"rtt":	87072,
					"rttvar":	138,
					"pmtu":	1500,
					"omitted":	false
				}],
			"sum":	{
				"start":	4.0000851154327393,
				"end":	6.0000591278076172,
				"seconds":	1.9999740123748779,
				"bytes":	52428800,
				"bits_per_second":	209717925.03540859,
				"retransmits":	626,
				"omitted":	false
			}
		}, {
			"streams":	[{
					"socket":	5,
					"start":	6.0000591278076172,
					"end":	8.00006103515625,
					"seconds":	2.0000019073486328,
					"bytes":	51118080,
					"bits_per_second":	204472125.00018597,
					"retransmits":	649,
					"snd_cwnd":	5931008,
					"rtt":	87094,
					"rttvar":	95,
					"pmtu":	1500,
					"omitted":	false
				}],
			"sum":	{
				"start":	6.0000591278076172,
				"end":	8.00006103515625,
				"seconds":	2.0000019073486328,
				"bytes":	51118080,
				"bits_per_second":	204472125.00018597,
				"retransmits":	649,
				"omitted":	false
			}
		}, {
			"streams":	[{
					"socket":	5,
					"start":	8.00006103515625,
					"end":	10.000056028366089,
					"seconds":	1.9999949932098389,
					"bytes":	52428800,
					"bits_per_second":	209715725.00131428,
					"retransmits":	577,
					"snd_cwnd":	5896256,
					"rtt":	87096,
					"rttvar":	133,
					"pmtu":	1500,
					"omitted":	false
				}],
			"sum":	{
				"start":	8.00006103515625,
				"end":	10.000056028366089,
				"seconds":	1.9999949932098389,
				"bytes":	52428800,
				"bits_per_second":	209715725.00131428,
				"retransmits":	577,
				"omitted":	false
			}
		}, {
			"streams":	[{
					"socket":	5,
					"start":	10.000056028366089,
					"end":	12.00006103515625,
					"seconds":	2.0000050067901611,
					"bytes":	43253760,
					"bits_per_second":	173014606.87608427,
					"retransmits":	606,
					"snd_cwnd":	5967208,
					"rtt":	86996,
					"rttvar":	21,
					"pmtu":	1500,
					"omitted":	false
				}],
			"sum":	{
				"start":	10.000056028366089,
				"end":	12.00006103515625,
				"seconds":	2.0000050067901611,
				"bytes":	43253760,
				"bits_per_second":	173014606.87608427,
				"retransmits":	606,
				"omitted":	false
			}
		}, {
			"streams":	[{
					"socket":	5,
					"start":	12.00006103515625,
					"end":	14.000059127807617,
					"seconds":	1.9999980926513672,
					"bytes":	52428800,
					"bits_per_second":	209715400.00019073,
					"retransmits":	608,
					"snd_cwnd":	5713808,
					"rtt":	87041,
					"rttvar":	99,
					"pmtu":	1500,
					"omitted":	false
				}],
			"sum":	{
				"start":	12.00006103515625,
				"end":	14.000059127807617,
				"seconds":	1.9999980926513672,
				"bytes":	52428800,
				"bits_per_second":	209715400.00019073,
				"retransmits":	608,
				"omitted":	false
			}
		}, {
			"streams":	[{
					"socket":	5,
					"start":	14.000059127807617,
					"end":	16.00006103515625,
					"seconds":	2.0000019073486328,
					"bytes":	52428800,
					"bits_per_second":	209715000.00019073,
					"retransmits":	533,
					"snd_cwnd":	5951280,
					"rtt":	87075,
					"rttvar":	69,
					"pmtu":	1500,
					"omitted":	false
				}],
			"sum":	{
				"start":	14.000059127807617,
				"end":	16.00006103515625,
				"seconds":	2.0000019073486328,
				"bytes":	52428800,
				"bits_per_second":	209715000.00019073,
				"retransmits":	533,
				"omitted":	false
			}
		}, {
			"streams":	[{
					"socket":	5,
					"start":	16.00006103515625,
					"end":	18.00006103515625,
					"seconds":	2,
					"bytes":	52428800,
					"bits_per_second":	209715200,
					"retransmits":	596,
					"snd_cwnd":	5881776,
					"rtt":	87068,
					"rttvar":	174,
					"pmtu":	1500,
					"omitted":	false
				}],
			"sum":	{
				"start":	16.00006103515625,
				"end":	18.00006103515625,
				"seconds":	2,
				"bytes":	52428800,
				"bits_per_second":	209715200,
				"retransmits":	596,
				"omitted":	false
			}
		}, {
			"streams":	[{
					"socket":	5,
					"start":	18.00006103515625,
					"end":	20.000059127807617,
					"seconds":	1.9999980926513672,
					"bytes":	52428800,
					"bits_per_second":	209715400.00019073,
					"retransmits":	573,
					"snd_cwnd":	5925216,
					"rtt":	87065,
					"rttvar":	86,
					"pmtu":	1500,
					"omitted":	false
				}],
			"sum":	{
				"start":	18.00006103515625,
				"end":	20.000059127807617,
				"seconds":	1.9999980926513672,
				"bytes":	52428800,
				"bits_per_second":	209715400.00019073,
				"retransmits":	573,
				"omitted":	false
			}
		}, {
			"streams":	[{
					"socket":	5,
					"start":	20.000059127807617,
					"end":	22.000128030776978,
					"seconds":	2.0000689029693604,
					"bytes":	39321600,
					"bits_per_second":	157280981.43667755,
					"retransmits":	807,
					"snd_cwnd":	2906136,
					"rtt":	88280,
					"rttvar":	431,
					"pmtu":	1500,
					"omitted":	false
				}],
			"sum":	{
				"start":	20.000059127807617,
				"end":	22.000128030776978,
				"seconds":	2.0000689029693604,
				"bytes":	39321600,
				"bits_per_second":	157280981.43667755,
				"retransmits":	807,
				"omitted":	false
			}
		}, {
			"streams":	[{
					"socket":	5,
					"start":	22.000128030776978,
					"end":	24.000041007995605,
					"seconds":	1.9999129772186279,
					"bytes":	52428800,
					"bits_per_second":	209724325.39705873,
					"retransmits":	509,
					"snd_cwnd":	5805032,
					"rtt":	87013,
					"rttvar":	62,
					"pmtu":	1500,
					"omitted":	false
				}],
			"sum":	{
				"start":	22.000128030776978,
				"end":	24.000041007995605,
				"seconds":	1.9999129772186279,
				"bytes":	52428800,
				"bits_per_second":	209724325.39705873,
				"retransmits":	509,
				"omitted":	false
			}
		}, {
			"streams":	[{
					"socket":	5,
					"start":	24.000041007995605,
					"end":	26.00006103515625,
					"seconds":	2.0000200271606445,
					"bytes":	52428800,
					"bits_per_second":	209713100.02102831,
					"retransmits":	596,
					"snd_cwnd":	5988928,
					"rtt":	87121,
					"rttvar":	122,
					"pmtu":	1500,
					"omitted":	false
				}],