{
	"start":	{
		"connected":	[{
				"socket":	5,
				"local_host":	"192.168.1.1",
				"local_port":	47074,
				"remote_host":	"192.168.4.2",
				"remote_port":	5201
			}],
		"version":	"iperf 3.5",
		"system_info":	"Linux h1 4.18.0-513.5.1.el8_9.x86_64 #1 SMP Fri Nov 17 03:31:10 UTC 2023 x86_64",
		"timestamp":	{
			"time":	"Wed, 24 Jan 2024 20:33:54 GMT",
			"timesecs":	1706128434
		},
		"connecting_to":	{
			"host":	"192.168.4.2",
			"port":	5201
		},
		"cookie":	"uhww7d472tziudtwudmykaqxuwfcwevcqvz2",
		"tcp_mss_default":	1448,
		"sock_bufsize":	0,
		"sndbuf_actual":	16384,
		"rcvbuf_actual":	87380,
		"test_start":	{
			"protocol":	"TCP",
			"num_streams":	1,
			"blksize":	131072,
			"omit":	0,
			"duration":	0,
			"bytes":	1073741824,
			"blocks":	0,
			"reverse":	0,
			"tos":	0
		}
	},
	"intervals":	[{
			"streams":	[{
					"socket":	5,
					"start":	0,
					"end":	2.0001828670501709,
					"seconds":	2.0001828670501709,
					"bytes":	38383656,
					"bits_per_second":	153520587.07155085,
					"retransmits":	474,
					"snd_cwnd":	2150280,
					"rtt":	100934,
					"rttvar":	701,
					"pmtu":	1500,
					"omitted":	false
				}],
			"sum":	{
				"start":	0,
				"end":	2.0001828670501709,
				"seconds":	2.0001828670501709,
				"bytes":	38383656,
				"bits_per_second":	153520587.07155085,
				"retransmits":	474,
				"omitted":	false
			}
		}, {
			"streams":	[{
					"socket":	5,
					"start":	2.0001828670501709,
					"end":	4.0000607967376709,
					"seconds":	1.9998779296875,
					"bytes":	48496640,
					"bits_per_second":	193998400.72270036,
					"retransmits":	2537,
					"snd_cwnd":	6119248,
					"rtt":	88917,
					"rttvar":	217,
					"pmtu":	1500,
					"omitted":	false
				}],
			"sum":	{
				"start":	2.0001828670501709,
				"end":	4.0000607967376709,
				"seconds":	1.9998779296875,
				"bytes":	48496640,
				"bits_per_second":	193998400.72270036,
				"retransmits":	2537,
				"omitted":	false
			}
		}, {
			"streams":	[{
					"socket":	5,
					"start":	4.0000607967376709,
					"end":	6.0000579357147217,
					"seconds":	1.9999971389770508,
					"bytes":	65536000,
					"bits_per_second":	262144375.00053644,
					"retransmits":	0,
					"snd_cwnd":	6104768,
					"rtt":	92685,
					"rttvar":	321,
					"pmtu":	1500,
					"omitted":	false
				}],
			"sum":	{
				"start":	4.0000607967376709,
				"end":	6.0000579357147217,
				"seconds":	1.9999971389770508,
				"bytes":	65536000,
				"bits_per_second":	262144375.00053644,
				"retransmits":	0,
				"omitted":	false
			}
		}, {
			"streams":	[{
					"socket":	5,
					"start":	6.0000579357147217,
					"end":	8.0000598430633545,
					"seconds":	2.0000019073486328,
					"bytes":	64225280,
					"bits_per_second":	256900875.00023365,
					"retransmits":	0,
					"snd_cwnd":	6116352,
					"rtt":	89539,
					"rttvar":	337,
					"pmtu":	1500,
					"omitted":	false
				}],
			"sum":	{
				"start":	6.0000579357147217,
				"end":	8.0000598430633545,
				"seconds":	2.0000019073486328,
				"bytes":	64225280,
				"bits_per_second":	256900875.00023365,
				"retransmits":	0,
				"omitted":	false
			}
		}, {
			"streams":	[{
					"socket":	5,
					"start":	8.0000598430633545,
					"end":	10.000059843063354,
					"seconds":	2,
					"bytes":	65536000,
					"bits_per_second":	262144000,
					"retransmits":	0,
					"snd_cwnd":	6104768,
					"rtt":	92775,
					"rttvar":	194,
					"pmtu":	1500,
					"omitted":	false
				}],
			"sum":	{
				"start":	8.0000598430633545,
				"end":	10.000059843063354,
				"seconds":	2,
				"bytes":	65536000,
				"bits_per_second":	262144000,
				"retransmits":	0,
				"omitted":	false
			}
		}, {
			"streams":	[{
					"socket":	5,
					"start":	10.000059843063354,
					"end":	12.000125885009766,
					"seconds":	2.0000660419464111,
					"bytes":	61603840,
					"bits_per_second":	246407223.39367867,
					"retransmits":	0,
					"snd_cwnd":	5792,
					"rtt":	90781,
					"rttvar":	282,
					"pmtu":	1500,
					"omitted":	false
				}],
			"sum":	{
				"start":	10.000059843063354,
				"end":	12.000125885009766,
				"seconds":	2.0000660419464111,
				"bytes":	61603840,
				"bits_per_second":	246407223.39367867,
				"retransmits":	0,
				"omitted":	false
			}
		}, {
			"streams":	[{
					"socket":	5,
					"start":	12.000125885009766,
					"end":	14.000060796737671,
					"seconds":	1.9999349117279053,
					"bytes":	56360960,
					"bits_per_second":	225451177.11378002,
					"retransmits":	0,
					"snd_cwnd":	6388576,
					"rtt":	89427,
					"rttvar":	244,
					"pmtu":	1500,
					"omitted":	false
				}],
			"sum":	{
				"start":	12.000125885009766,
				"end":	14.000060796737671,
				"seconds":	1.9999349117279053,
				"bytes":	56360960,
				"bits_per_second":	225451177.11378002,
				"retransmits":	0,
				"omitted":	false
			}
		}, {
			"streams":	[{
					"socket":	5,
					"start":	14.000060796737671,
					"end":	16.000060796737671,
					"seconds":	2,
					"bytes":	64225280,
					"bits_per_second":	256901120,
					"retransmits":	0,
					"snd_cwnd":	6394368,
					"rtt":	88627,
					"rttvar":	200,
					"pmtu":	1500,
					"omitted":	false
				}],
			"sum":	{
				"start":	14.000060796737671,
				"end":	16.000060796737671,
				"seconds":	2,
				"bytes":	64225280,
				"bits_per_second":	256901120,
				"retransmits":	0,
				"omitted":	false
			}
		}, {
			"streams":	[{
					"socket":	5,
					"start":	16.000060796737671,
					"end":	18.00006890296936,
					"seconds":	2.0000081062316895,
					"bytes":	64225280,
					"bits_per_second":	256900078.75422028,
					"retransmits":	0,
					"snd_cwnd":	6391472,
					"rtt":	92784,
					"rttvar":	243,
					"pmtu":	1500,
					"omitted":	false
				}],
			"sum":	{
				"start":	16.000060796737671,
				"end":	18.00006890296936,
				"seconds":	2.0000081062316895,
				"bytes":	64225280,
				"bits_per_second":	256900078.75422028,
				"retransmits":	0,
				"omitted":	false
			}
		}, {
			"streams":	[{
					"socket":	5,
					"start":	18.00006890296936,
					"end":	20.000061988830566,
					"seconds":	1.9999930858612061,
					"bytes":	65536000,
					"bits_per_second":	262144906.25313297,
					"retransmits":	0,
					"snd_cwnd":	6432016,
					"rtt":	88509,
					"rttvar":	452,
					"pmtu":	1500,
					"omitted":	false
				}],
			"sum":	{
				"start":	18.00006890296936,
				"end":	20.000061988830566,
				"seconds":	1.9999930858612061,
				"bytes":	65536000,
				"bits_per_second":	262144906.25313297,
				"retransmits":	0,
				"omitted":	false
			}
		}, {
			"streams":	[{
					"socket":	5,
					"start":	20.000061988830566,
					"end":	22.000064849853516,
					"seconds":	2.0000028610229492,
					"bytes":	64225280,
					"bits_per_second":	256900752.50052571,
					"retransmits":	0,
					"snd_cwnd":	6489936,
					"rtt":	92577,
					"rttvar":	314,
					"pmtu":	1500,
					"omitted":	false
				}],
			"sum":	{
				"start":	20.000061988830566,
				"end":	22.000064849853516,
				"seconds":	2.0000028610229492,
				"bytes":	64225280,
				"bits_per_second":	256900752.50052571,
				"retransmits":	0,
				"omitted":	false
			}
		}, {
			"streams":	[{
					"socket":	5,
					"start":	22.000064849853516,
					"end":	24.000060796737671,
					"seconds":	1.9999959468841553,
					"bytes":	55050240,
					"bits_per_second":	220201406.25090435,
					"retransmits":	0,
					"snd_cwnd":	6408848,
					"rtt":	92346,
					"rttvar":	265,
					"pmtu":	1500,
					"omitted":	false
				}],
			"sum":	{
				"start":	22.000064849853516,
				"end":	24.000060796737671,
				"seconds":	1.9999959468841553,
				"bytes":	55050240,
				"bits_per_second":	220201406.25090435,
				"retransmits":	0,
				"omitted":	false
			}
		}, {
			"streams":	[{
					"socket":	5,
					"start":	24.000060796737671,
					"end":	26.000059843063354,
					"seconds":	1.9999990463256836,
					"bytes":	65536000,
					"bits_per_second":	262144125.0000596,
					"retransmits":	0,
					"snd_cwnd":	6420432,
					"rtt":	87756,
					"rttvar":	168,
					"pmtu":	1500,
					"omitted":	false
				}],
			"sum":	{
				"start":	24.000060796737671,
				"end":	26.000059843063354,