{
	"start":	{
		"connected":	[{
				"socket":	5,
				"local_host":	"192.168.1.1",
				"local_port":	59590,
				"remote_host":	"192.168.4.2",
				"remote_port":	5201
			}],
		"version":	"iperf 3.5",
		"system_info":	"Linux h1 4.18.0-513.5.1.el8_9.x86_64 #1 SMP Fri Nov 17 03:31:10 UTC 2023 x86_64",
		"timestamp":	{
			"time":	"Wed, 24 Jan 2024 20:40:46 GMT",
			"timesecs":	1706128846
		},
		"connecting_to":	{
			"host":	"192.168.4.2",
			"port":	5201
		},
		"cookie":	"46pleu7bll4sl6cw7tx264b4s3pppzu4kyld",
		"tcp_mss_default":	1448,
		"sock_bufsize":	0,
		"sndbuf_actual":	16384,
		"rcvbuf_actual":	87380,
		"test_start":	{
			"protocol":	"TCP",
			"num_streams":	1,
			"blksize":	131072,
			"omit":	0,
			"duration":	0,
			"bytes":	1073741824,
			"blocks":	0,
			"reverse":	0,
			"tos":	0
		}
	},
	"intervals":	[{
			"streams":	[{
					"socket":	5,
					"start":	0,
					"end":	2.00006103515625,
					"seconds":	2.00006103515625,
					"bytes":	17589248,
					"bits_per_second":	70354844.940523058,
					"retransmits":	0,
					"snd_cwnd":	9252720,
					"rtt":	147836,
					"rttvar":	612,
					"pmtu":	1500,
					"omitted":	false
				}],
			"sum":	{
				"start":	0,
				"end":	2.00006103515625,
				"seconds":	2.00006103515625,
				"bytes":	17589248,
				"bits_per_second":	70354844.940523058,
				"retransmits":	0,
				"omitted":	false
			}
		}, {
			"streams":	[{
					"socket":	5,
					"start":	2.00006103515625,
					"end":	4.0000782012939453,
					"seconds":	2.0000171661376953,
					"bytes":	40632320,
					"bits_per_second":	162527885.01197329,
					"retransmits":	0,
					"snd_cwnd":	9258512,
					"rtt":	152537,
					"rttvar":	764,
					"pmtu":	1500,
					"omitted":	false
				}],
			"sum":	{
				"start":	2.00006103515625,
				"end":	4.0000782012939453,
				"seconds":	2.0000171661376953,
				"bytes":	40632320,
				"bits_per_second":	162527885.01197329,
				"retransmits":	0,
				"omitted":	false
			}
		}, {
			"streams":	[{
					"socket":	5,
					"start":	4.0000782012939453,
					"end":	6.0000641345977783,
					"seconds":	1.999985933303833,
					"bytes":	40632320,
					"bits_per_second":	162530423.13304004,
					"retransmits":	0,
					"snd_cwnd":	9258512,
					"rtt":	147934,
					"rttvar":	317,
					"pmtu":	1500,
					"omitted":	false
				}],
			"sum":	{
				"start":	4.0000782012939453,
				"end":	6.0000641345977783,
				"seconds":	1.999985933303833,
				"bytes":	40632320,
				"bits_per_second":	162530423.13304004,
				"retransmits":	0,
				"omitted":	false
			}
		}, {
			"streams":	[{
					"socket":	5,
					"start":	6.0000641345977783,
					"end":	8.000075101852417,
					"seconds":	2.0000109672546387,
					"bytes":	40632320,
					"bits_per_second":	162528388.75488725,
					"retransmits":	0,
					"snd_cwnd":	9258512,
					"rtt":	147330,
					"rttvar":	235,
					"pmtu":	1500,
					"omitted":	false
				}],
			"sum":	{
				"start":	6.0000641345977783,
				"end":	8.000075101852417,
				"seconds":	2.0000109672546387,
				"bytes":	40632320,
				"bits_per_second":	162528388.75488725,
				"retransmits":	0,
				"omitted":	false
			}
		}, {
			"streams":	[{
					"socket":	5,
					"start":	8.000075101852417,
					"end":	10.000055074691772,
					"seconds":	1.9999799728393555,
					"bytes":	41943040,
					"bits_per_second":	167773840.016823,
					"retransmits":	0,
					"snd_cwnd":	9258512,
					"rtt":	147657,
					"rttvar":	476,
					"pmtu":	1500,
					"omitted":	false
				}],
			"sum":	{
				"start":	8.000075101852417,
				"end":	10.000055074691772,
				"seconds":	1.9999799728393555,
				"bytes":	41943040,
				"bits_per_second":	167773840.016823,
				"retransmits":	0,
				"omitted":	false
			}
		}, {
			"streams":	[{
					"socket":	5,
					"start":	10.000055074691772,
					"end":	12.000072002410889,
					"seconds":	2.0000169277191162,
					"bytes":	40632320,
					"bits_per_second":	162527904.386643,
					"retransmits":	0,
					"snd_cwnd":	5792,
					"rtt":	148023,
					"rttvar":	379,
					"pmtu":	1500,
					"omitted":	false
				}],
			"sum":	{
				"start":	10.000055074691772,
				"end":	12.000072002410889,
				"seconds":	2.0000169277191162,
				"bytes":	40632320,
				"bits_per_second":	162527904.386643,
				"retransmits":	0,
				"omitted":	false
			}
		}, {
			"streams":	[{
					"socket":	5,
					"start":	12.000072002410889,
					"end":	14.00006103515625,
					"seconds":	1.9999890327453613,
					"bytes":	28835840,
					"bits_per_second":	115343992.50346841,
					"retransmits":	230,
					"snd_cwnd":	9258512,
					"rtt":	148716,
					"rttvar":	615,
					"pmtu":	1500,
					"omitted":	false
				}],
			"sum":	{
				"start":	12.000072002410889,
				"end":	14.00006103515625,
				"seconds":	1.9999890327453613,
				"bytes":	28835840,
				"bits_per_second":	115343992.50346841,
				"retransmits":	230,
				"omitted":	false
			}
		}, {
			"streams":	[{
					"socket":	5,
					"start":	14.00006103515625,
					"end":	16.00006103515625,
					"seconds":	2,
					"bytes":	40632320,
					"bits_per_second":	162529280,
					"retransmits":	0,
					"snd_cwnd":	9264304,
					"rtt":	152585,
					"rttvar":	471,
					"pmtu":	1500,
					"omitted":	false
				}],
			"sum":	{
				"start":	14.00006103515625,
				"end":	16.00006103515625,
				"seconds":	2,
				"bytes":	40632320,
				"bits_per_second":	162529280,
				"retransmits":	0,
				"omitted":	false
			}
		}, {
			"streams":	[{
					"socket":	5,
					"start":	16.00006103515625,
					"end":	18.000062227249146,
					"seconds":	2.0000011920928955,
					"bytes":	40632320,
					"bits_per_second":	162529183.12505773,
					"retransmits":	0,
					"snd_cwnd":	9264304,
					"rtt":	148127,
					"rttvar":	1252,
					"pmtu":	1500,
					"omitted":	false
				}],
			"sum":	{
				"start":	16.00006103515625,
				"end":	18.000062227249146,
				"seconds":	2.0000011920928955,
				"bytes":	40632320,
				"bits_per_second":	162529183.12505773,
				"retransmits":	0,
				"omitted":	false
			}
		}, {
			"streams":	[{
					"socket":	5,
					"start":	18.000062227249146,
					"end":	20.000075101852417,
					"seconds":	2.0000128746032715,
					"bytes":	40632320,
					"bits_per_second":	162528233.756735,
					"retransmits":	0,
					"snd_cwnd":	9264304,
					"rtt":	148070,
					"rttvar":	247,
					"pmtu":	1500,
					"omitted":	false
				}],
			"sum":	{
				"start":	18.000062227249146,
				"end":	20.000075101852417,
				"seconds":	2.0000128746032715,
				"bytes":	40632320,
				"bits_per_second":	162528233.756735,
				"retransmits":	0,
				"omitted":	false
			}
		}, {
			"streams":	[{
					"socket":	5,
					"start":	20.000075101852417,
					"end":	22.000073194503784,
					"seconds":	1.9999980926513672,
					"bytes":	41943040,
					"bits_per_second":	167772320.00015259,
					"retransmits":	0,
					"snd_cwnd":	9264304,
					"rtt":	147436,
					"rttvar":	118,
					"pmtu":	1500,
					"omitted":	false
				}],
			"sum":	{
				"start":	20.000075101852417,
				"end":	22.000073194503784,
				"seconds":	1.9999980926513672,
				"bytes":	41943040,
				"bits_per_second":	167772320.00015259,
				"retransmits":	0,
				"omitted":	false
			}
		}, {
			"streams":	[{
					"socket":	5,
					"start":	22.000073194503784,
					"end":	24.000071048736572,
					"seconds":	1.9999978542327881,
					"bytes":	40632320,
					"bits_per_second":	162529454.3751871,
					"retransmits":	0,
					"snd_cwnd":	9264304,
					"rtt":	147408,
					"rttvar":	221,
					"pmtu":	1500,
					"omitted":	false
				}],
			"sum":	{
				"start":	22.000073194503784,
				"end":	24.000071048736572,
				"seconds":	1.9999978542327881,
				"bytes":	40632320,
				"bits_per_second":	162529454.3751871,
				"retransmits":	0,
				"omitted":	false
			}
		}, {
			"streams":	[{
					"socket":	5,
					"start":	24.000071048736572,
					"end":	26.00006103515625,
					"seconds":	1.9999899864196777,
					"bytes":	40632320,
					"bits_per_second":	162530093.75407431,
					"retransmits":	0,
					"snd_cwnd":	9264304,
					"rtt":	150473,
					"rttvar":	737,
					"pmtu":	1500,
					"omitted":	false
				}],
			"sum":	{
				"start":	24.000071048736572,