{
	"start":	{
		"connected":	[{
				"socket":	5,
				"local_host":	"192.168.1.1",
				"local_port":	54974,
				"remote_host":	"192.168.4.2",
				"remote_port":	5201
			}],
		"version":	"iperf 3.5",
		"system_info":	"Linux h1 4.18.0-513.5.1.el8_9.x86_64 #1 SMP Fri Nov 17 03:31:10 UTC 2023 x86_64",
		"timestamp":	{
			"time":	"Wed, 24 Jan 2024 20:41:44 GMT",
			"timesecs":	1706128904
		},
		"connecting_to":	{
			"host":	"192.168.4.2",
			"port":	5201
		},
		"cookie":	"c4myqxaiwziptkr7sgus5chivmevndttg26m",
		"tcp_mss_default":	1448,
		"sock_bufsize":	0,
		"sndbuf_actual":	16384,
		"rcvbuf_actual":	87380,
		"test_start":	{
			"protocol":	"TCP",
			"num_streams":	1,
			"blksize":	131072,
			"omit":	0,
			"duration":	0,
			"bytes":	1073741824,
			"blocks":	0,
			"reverse":	0,
			"tos":	0
		}
	},
	"intervals":	[{
			"streams":	[{
					"socket":	5,
					"start":	0,
					"end":	2.0000600814819336,
					"seconds":	2.0000600814819336,
					"bytes":	17589248,
					"bits_per_second":	70354878.487319618,
					"retransmits":	0,
					"snd_cwnd":	9252720,
					"rtt":	147157,
					"rttvar":	105,
					"pmtu":	1500,
					"omitted":	false
				}],
			"sum":	{
				"start":	0,
				"end":	2.0000600814819336,
				"seconds":	2.0000600814819336,
				"bytes":	17589248,
				"bits_per_second":	70354878.487319618,
				"retransmits":	0,
				"omitted":	false
			}
		}, {
			"streams":	[{
					"socket":	5,
					"start":	2.0000600814819336,
					"end":	4.0000741481781006,
					"seconds":	2.000014066696167,
					"bytes":	40632320,
					"bits_per_second":	162528136.88303995,
					"retransmits":	0,
					"snd_cwnd":	9258512,
					"rtt":	152500,
					"rttvar":	780,
					"pmtu":	1500,
					"omitted":	false
				}],
			"sum":	{
				"start":	2.0000600814819336,
				"end":	4.0000741481781006,
				"seconds":	2.000014066696167,
				"bytes":	40632320,
				"bits_per_second":	162528136.88303995,
				"retransmits":	0,
				"omitted":	false
			}
		}, {
			"streams":	[{
					"socket":	5,
					"start":	4.0000741481781006,
					"end":	6.00006103515625,
					"seconds":	1.9999868869781494,
					"bytes":	40632320,
					"bits_per_second":	162530345.63198683,
					"retransmits":	0,
					"snd_cwnd":	9258512,
					"rtt":	147381,
					"rttvar":	242,
					"pmtu":	1500,
					"omitted":	false
				}],
			"sum":	{
				"start":	4.0000741481781006,
				"end":	6.00006103515625,
				"seconds":	1.9999868869781494,
				"bytes":	40632320,
				"bits_per_second":	162530345.63198683,
				"retransmits":	0,
				"omitted":	false
			}
		}, {
			"streams":	[{
					"socket":	5,
					"start":	6.00006103515625,
					"end":	8.0000741481781,
					"seconds":	2.0000131130218506,
					"bytes":	40632320,
					"bits_per_second":	162528214.38198674,
					"retransmits":	0,
					"snd_cwnd":	9258512,
					"rtt":	147221,
					"rttvar":	212,
					"pmtu":	1500,
					"omitted":	false
				}],
			"sum":	{
				"start":	6.00006103515625,
				"end":	8.0000741481781,
				"seconds":	2.0000131130218506,
				"bytes":	40632320,
				"bits_per_second":	162528214.38198674,
				"retransmits":	0,
				"omitted":	false
			}
		}, {
			"streams":	[{
					"socket":	5,
					"start":	8.0000741481781,
					"end":	10.000060081481934,
					"seconds":	1.999985933303833,
					"bytes":	41943040,
					"bits_per_second":	167773340.00829941,
					"retransmits":	0,
					"snd_cwnd":	9258512,
					"rtt":	147478,
					"rttvar":	250,
					"pmtu":	1500,
					"omitted":	false
				}],
			"sum":	{
				"start":	8.0000741481781,
				"end":	10.000060081481934,
				"seconds":	1.999985933303833,
				"bytes":	41943040,
				"bits_per_second":	167773340.00829941,
				"retransmits":	0,
				"omitted":	false
			}
		}, {
			"streams":	[{
					"socket":	5,
					"start":	10.000060081481934,
					"end":	12.000072956085205,
					"seconds":	2.0000128746032715,
					"bytes":	31457280,
					"bits_per_second":	125828310.00521418,
					"retransmits":	0,
					"snd_cwnd":	9258512,
					"rtt":	158683,
					"rttvar":	662,
					"pmtu":	1500,
					"omitted":	false
				}],
			"sum":	{
				"start":	10.000060081481934,
				"end":	12.000072956085205,
				"seconds":	2.0000128746032715,
				"bytes":	31457280,
				"bits_per_second":	125828310.00521418,
				"retransmits":	0,
				"omitted":	false
			}
		}, {
			"streams":	[{
					"socket":	5,
					"start":	12.000072956085205,
					"end":	14.0000741481781,
					"seconds":	2.0000011920928955,
					"bytes":	41943040,
					"bits_per_second":	167772060.0000596,
					"retransmits":	0,
					"snd_cwnd":	9258512,
					"rtt":	147729,
					"rttvar":	110,
					"pmtu":	1500,
					"omitted":	false
				}],
			"sum":	{
				"start":	12.000072956085205,
				"end":	14.0000741481781,
				"seconds":	2.0000011920928955,
				"bytes":	41943040,
				"bits_per_second":	167772060.0000596,
				"retransmits":	0,
				"omitted":	false
			}
		}, {
			"streams":	[{
					"socket":	5,
					"start":	14.0000741481781,
					"end":	16.0000581741333,
					"seconds":	1.9999840259552002,
					"bytes":	40632320,
					"bits_per_second":	162530578.13536823,
					"retransmits":	0,
					"snd_cwnd":	9258512,
					"rtt":	147514,
					"rttvar":	382,
					"pmtu":	1500,
					"omitted":	false
				}],
			"sum":	{
				"start":	14.0000741481781,
				"end":	16.0000581741333,
				"seconds":	1.9999840259552002,
				"bytes":	40632320,
				"bits_per_second":	162530578.13536823,
				"retransmits":	0,
				"omitted":	false
			}
		}, {
			"streams":	[{
					"socket":	5,
					"start":	16.0000581741333,
					"end":	18.000060081481934,
					"seconds":	2.0000019073486328,
					"bytes":	40632320,
					"bits_per_second":	162529125.00014782,
					"retransmits":	0,
					"snd_cwnd":	9258512,
					"rtt":	150947,
					"rttvar":	708,
					"pmtu":	1500,
					"omitted":	false
				}],
			"sum":	{
				"start":	16.0000581741333,
				"end":	18.000060081481934,
				"seconds":	2.0000019073486328,
				"bytes":	40632320,
				"bits_per_second":	162529125.00014782,
				"retransmits":	0,
				"omitted":	false
			}
		}, {
			"streams":	[{
					"socket":	5,
					"start":	18.000060081481934,
					"end":	20.000072956085205,
					"seconds":	2.0000128746032715,
					"bytes":	40632320,
					"bits_per_second":	162528233.756735,
					"retransmits":	0,
					"snd_cwnd":	9258512,
					"rtt":	152752,
					"rttvar":	557,
					"pmtu":	1500,
					"omitted":	false
				}],
			"sum":	{
				"start":	18.000060081481934,
				"end":	20.000072956085205,
				"seconds":	2.0000128746032715,
				"bytes":	40632320,
				"bits_per_second":	162528233.756735,
				"retransmits":	0,
				"omitted":	false
			}
		}, {
			"streams":	[{
					"socket":	5,
					"start":	20.000072956085205,
					"end":	22.00006103515625,
					"seconds":	1.9999880790710449,
					"bytes":	40632320,
					"bits_per_second":	162530248.75577423,
					"retransmits":	0,
					"snd_cwnd":	9258512,
					"rtt":	147562,
					"rttvar":	249,
					"pmtu":	1500,
					"omitted":	false
				}],
			"sum":	{
				"start":	20.000072956085205,
				"end":	22.00006103515625,
				"seconds":	1.9999880790710449,
				"bytes":	40632320,
				"bits_per_second":	162530248.75577423,
				"retransmits":	0,
				"omitted":	false
			}
		}, {
			"streams":	[{
					"socket":	5,
					"start":	22.00006103515625,
					"end":	24.000015020370483,
					"seconds":	1.9999539852142334,
					"bytes":	41943040,
					"bits_per_second":	167776020.08881059,
					"retransmits":	0,
					"snd_cwnd":	9258512,
					"rtt":	147457,
					"rttvar":	154,
					"pmtu":	1500,
					"omitted":	false
				}],
			"sum":	{
				"start":	22.00006103515625,
				"end":	24.000015020370483,
				"seconds":	1.9999539852142334,
				"bytes":	41943040,
				"bits_per_second":	167776020.08881059,
				"retransmits":	0,
				"omitted":	false
			}
		}, {
			"streams":	[{
					"socket":	5,
					"start":	24.000015020370483,
					"end":	26.0000581741333,
					"seconds":	2.0000431537628174,
					"bytes":	32768000,
					"bits_per_second":	131069171.93602081,
					"retransmits":	0,
					"snd_cwnd":	9258512,
					"rtt":	150469,
					"rttvar":	766,
					"pmtu":	1500,
					"omitted":	false
				}],