{
	"start":	{
		"connected":	[{
				"socket":	5,
				"local_host":	"192.168.1.1",
				"local_port":	40298,
				"remote_host":	"192.168.4.2",
				"remote_port":	5201
			}],
		"version":	"iperf 3.5",
		"system_info":	"Linux h1 4.18.0-513.5.1.el8_9.x86_64 #1 SMP Fri Nov 17 03:31:10 UTC 2023 x86_64",
		"timestamp":	{
			"time":	"Wed, 24 Jan 2024 17:47:41 GMT",
			"timesecs":	1706118461
		},
		"connecting_to":	{
			"host":	"192.168.4.2",
			"port":	5201
		},
		"cookie":	"gjm7kn2scdow7vcwnqbbx5ewxomqyigmzsxg",
		"tcp_mss_default":	1448,
		"sock_bufsize":	0,
		"sndbuf_actual":	16384,
		"rcvbuf_actual":	87380,
		"test_start":	{
			"protocol":	"TCP",
			"num_streams":	1,
			"blksize":	131072,
			"omit":	0,
			"duration":	0,
			"bytes":	1073741824,
			"blocks":	0,
			"reverse":	0,
			"tos":	0
		}
	},
	"intervals":	[{
			"streams":	[{
					"socket":	5,
					"start":	0,
					"end":	2.0000689029693604,
					"seconds":	2.0000689029693604,
					"bytes":	16982752,
					"bits_per_second":	67928667.756543443,
					"retransmits":	0,
					"snd_cwnd":	3328952,
					"rtt":	161537,
					"rttvar":	182,
					"pmtu":	1500,
					"omitted":	false
				}],
			"sum":	{
				"start":	0,
				"end":	2.0000689029693604,
				"seconds":	2.0000689029693604,
				"bytes":	16982752,
				"bits_per_second":	67928667.756543443,
				"retransmits":	0,
				"omitted":	false
			}
		}, {
			"streams":	[{
					"socket":	5,
					"start":	2.0000689029693604,
					"end":	4.0000989437103271,
					"seconds":	2.0000300407409668,
					"bytes":	36700160,
					"bits_per_second":	146798435.03311941,
					"retransmits":	0,
					"snd_cwnd":	3328952,
					"rtt":	161543,
					"rttvar":	221,
					"pmtu":	1500,
					"omitted":	false
				}],
			"sum":	{
				"start":	2.0000689029693604,
				"end":	4.0000989437103271,
				"seconds":	2.0000300407409668,
				"bytes":	36700160,
				"bits_per_second":	146798435.03311941,
				"retransmits":	0,
				"omitted":	false
			}
		}, {
			"streams":	[{
					"socket":	5,
					"start":	4.0000989437103271,
					"end":	6.0000629425048828,
					"seconds":	1.9999639987945557,
					"bytes":	36700160,
					"bits_per_second":	146803282.54756746,
					"retransmits":	0,
					"snd_cwnd":	3328952,
					"rtt":	158789,
					"rttvar":	1973,
					"pmtu":	1500,
					"omitted":	false
				}],
			"sum":	{
				"start":	4.0000989437103271,
				"end":	6.0000629425048828,
				"seconds":	1.9999639987945557,
				"bytes":	36700160,
				"bits_per_second":	146803282.54756746,
				"retransmits":	0,
				"omitted":	false
			}
		}, {
			"streams":	[{
					"socket":	5,
					"start":	6.0000629425048828,
					"end":	8.0000729560852051,
					"seconds":	2.0000100135803223,
					"bytes":	36700160,
					"bits_per_second":	146799905.00367996,
					"retransmits":	0,
					"snd_cwnd":	3328952,
					"rtt":	161462,
					"rttvar":	171,
					"pmtu":	1500,
					"omitted":	false
				}],
			"sum":	{
				"start":	6.0000629425048828,
				"end":	8.0000729560852051,
				"seconds":	2.0000100135803223,
				"bytes":	36700160,
				"bits_per_second":	146799905.00367996,
				"retransmits":	0,
				"omitted":	false
			}
		}, {
			"streams":	[{
					"socket":	5,
					"start":	8.0000729560852051,
					"end":	10.000069856643677,
					"seconds":	1.9999969005584717,
					"bytes":	38010880,
					"bits_per_second":	152043755.62536517,
					"retransmits":	0,
					"snd_cwnd":	3328952,
					"rtt":	161434,
					"rttvar":	226,
					"pmtu":	1500,
					"omitted":	false
				}],
			"sum":	{
				"start":	8.0000729560852051,
				"end":	10.000069856643677,
				"seconds":	1.9999969005584717,
				"bytes":	38010880,
				"bits_per_second":	152043755.62536517,
				"retransmits":	0,
				"omitted":	false
			}
		}, {
			"streams":	[{
					"socket":	5,
					"start":	10.000069856643677,
					"end":	12.000074863433838,
					"seconds":	2.0000050067901611,
					"bytes":	38010880,
					"bits_per_second":	152043139.37595284,
					"retransmits":	0,
					"snd_cwnd":	3328952,
					"rtt":	161095,
					"rttvar":	507,
					"pmtu":	1500,
					"omitted":	false
				}],
			"sum":	{
				"start":	10.000069856643677,
				"end":	12.000074863433838,
				"seconds":	2.0000050067901611,
				"bytes":	38010880,
				"bits_per_second":	152043139.37595284,
				"retransmits":	0,
				"omitted":	false
			}
		}, {
			"streams":	[{
					"socket":	5,
					"start":	12.000074863433838,
					"end":	14.000062942504883,
					"seconds":	1.9999880790710449,
					"bytes":	36700160,
					"bits_per_second":	146801515.00521544,
					"retransmits":	0,
					"snd_cwnd":	3328952,
					"rtt":	148170,
					"rttvar":	424,
					"pmtu":	1500,
					"omitted":	false
				}],
			"sum":	{
				"start":	12.000074863433838,
				"end":	14.000062942504883,
				"seconds":	1.9999880790710449,
				"bytes":	36700160,
				"bits_per_second":	146801515.00521544,
				"retransmits":	0,
				"omitted":	false
			}
		}, {
			"streams":	[{
					"socket":	5,
					"start":	14.000062942504883,
					"end":	16.000097990036011,
					"seconds":	2.0000350475311279,
					"bytes":	35389440,
					"bits_per_second":	141555279.41846913,
					"retransmits":	0,
					"snd_cwnd":	3328952,
					"rtt":	147578,
					"rttvar":	415,
					"pmtu":	1500,
					"omitted":	false
				}],
			"sum":	{
				"start":	14.000062942504883,
				"end":	16.000097990036011,
				"seconds":	2.0000350475311279,
				"bytes":	35389440,
				"bits_per_second":	141555279.41846913,
				"retransmits":	0,
				"omitted":	false
			}
		}, {
			"streams":	[{
					"socket":	5,
					"start":	16.000097990036011,
					"end":	18.0000638961792,
					"seconds":	1.9999659061431885,
					"bytes":	36700160,
					"bits_per_second":	146803142.54266065,
					"retransmits":	0,
					"snd_cwnd":	3328952,
					"rtt":	162058,
					"rttvar":	293,
					"pmtu":	1500,
					"omitted":	false
				}],
			"sum":	{
				"start":	16.000097990036011,
				"end":	18.0000638961792,
				"seconds":	1.9999659061431885,
				"bytes":	36700160,
				"bits_per_second":	146803142.54266065,
				"retransmits":	0,
				"omitted":	false
			}
		}, {
			"streams":	[{
					"socket":	5,
					"start":	18.0000638961792,
					"end":	20.000061988830566,
					"seconds":	1.9999980926513672,
					"bytes":	36700160,
					"bits_per_second":	146800780.00013351,
					"retransmits":	0,
					"snd_cwnd":	3328952,
					"rtt":	151125,
					"rttvar":	2066,
					"pmtu":	1500,
					"omitted":	false
				}],
			"sum":	{
				"start":	18.0000638961792,
				"end":	20.000061988830566,
				"seconds":	1.9999980926513672,
				"bytes":	36700160,
				"bits_per_second":	146800780.00013351,
				"retransmits":	0,
				"omitted":	false
			}
		}, {
			"streams":	[{
					"socket":	5,
					"start":	20.000061988830566,
					"end":	22.000059843063354,
					"seconds":	1.9999978542327881,
					"bytes":	36700160,
					"bits_per_second":	146800797.50016898,
					"retransmits":	0,
					"snd_cwnd":	3328952,
					"rtt":	161987,
					"rttvar":	528,
					"pmtu":	1500,
					"omitted":	false
				}],
			"sum":	{
				"start":	20.000061988830566,
				"end":	22.000059843063354,
				"seconds":	1.9999978542327881,
				"bytes":	36700160,
				"bits_per_second":	146800797.50016898,
				"retransmits":	0,
				"omitted":	false
			}
		}, {
			"streams":	[{
					"socket":	5,
					"start":	22.000059843063354,
					"end":	24.000080823898315,
					"seconds":	2.0000209808349609,
					"bytes":	36700160,
					"bits_per_second":	146799100.01615506,
					"retransmits":	0,
					"snd_cwnd":	3328952,
					"rtt":	147086,
					"rttvar":	134,
					"pmtu":	1500,
					"omitted":	false
				}],
			"sum":	{
				"start":	22.000059843063354,
				"end":	24.000080823898315,
				"seconds":	2.0000209808349609,
				"bytes":	36700160,
				"bits_per_second":	146799100.01615506,
				"retransmits":	0,
				"omitted":	false
			}
		}, {
			"streams":	[{
					"socket":	5,
					"start":	24.000080823898315,
					"end":	26.000079870224,
					"seconds":	1.9999990463256836,
					"bytes":	36700160,
					"bits_per_second":	146800710.00003338,
					"retransmits":	0,
					"snd_cwnd":	3328952,
					"rtt":	157396,
					"rttvar":	2942,
					"pmtu":	1500,