{
	"start":	{
		"connected":	[{
				"socket":	5,
				"local_host":	"192.168.1.1",
				"local_port":	34068,
				"remote_host":	"192.168.4.2",
				"remote_port":	5201
			}],
		"version":	"iperf 3.5",
		"system_info":	"Linux h1 4.18.0-513.5.1.el8_9.x86_64 #1 SMP Fri Nov 17 03:31:10 UTC 2023 x86_64",
		"timestamp":	{
			"time":	"Wed, 24 Jan 2024 17:34:50 GMT",
			"timesecs":	1706117690
		},
		"connecting_to":	{
			"host":	"192.168.4.2",
			"port":	5201
		},
		"cookie":	"mykui73zzk6baiqhxf2ksnet2i4tewuy5mst",
		"tcp_mss_default":	1448,
		"sock_bufsize":	0,
		"sndbuf_actual":	16384,
		"rcvbuf_actual":	87380,
		"test_start":	{
			"protocol":	"TCP",
			"num_streams":	1,
			"blksize":	131072,
			"omit":	0,
			"duration":	0,
			"bytes":	1073741824,
			"blocks":	0,
			"reverse":	0,
			"tos":	0
		}
	},
	"intervals":	[{
			"streams":	[{
					"socket":	5,
					"start":	0,
					"end":	2.0000600814819336,
					"seconds":	2.0000600814819336,
					"bytes":	43019792,
					"bits_per_second":	172073998.76957583,
					"retransmits":	0,
					"snd_cwnd":	3156640,
					"rtt":	99327,
					"rttvar":	136,
					"pmtu":	1500,
					"omitted":	false
				}],
			"sum":	{
				"start":	0,
				"end":	2.0000600814819336,
				"seconds":	2.0000600814819336,
				"bytes":	43019792,
				"bits_per_second":	172073998.76957583,
				"retransmits":	0,
				"omitted":	false
			}
		}, {
			"streams":	[{
					"socket":	5,
					"start":	2.0000600814819336,
					"end":	4.0000650882720947,
					"seconds":	2.0000050067901611,
					"bytes":	65536000,
					"bits_per_second":	262143343.75164285,
					"retransmits":	0,
					"snd_cwnd":	3156640,
					"rtt":	89610,
					"rttvar":	1030,
					"pmtu":	1500,
					"omitted":	false
				}],
			"sum":	{
				"start":	2.0000600814819336,
				"end":	4.0000650882720947,
				"seconds":	2.0000050067901611,
				"bytes":	65536000,
				"bits_per_second":	262143343.75164285,
				"retransmits":	0,
				"omitted":	false
			}
		}, {
			"streams":	[{
					"socket":	5,
					"start":	4.0000650882720947,
					"end":	6.00006103515625,
					"seconds":	1.9999959468841553,
					"bytes":	64225280,
					"bits_per_second":	256901640.62605509,
					"retransmits":	0,
					"snd_cwnd":	3156640,
					"rtt":	92424,
					"rttvar":	1372,
					"pmtu":	1500,
					"omitted":	false
				}],
			"sum":	{
				"start":	4.0000650882720947,
				"end":	6.00006103515625,
				"seconds":	1.9999959468841553,
				"bytes":	64225280,
				"bits_per_second":	256901640.62605509,
				"retransmits":	0,
				"omitted":	false
			}
		}, {
			"streams":	[{
					"socket":	5,
					"start":	6.00006103515625,
					"end":	8.0000619888305664,
					"seconds":	2.0000009536743164,
					"bytes":	64225280,
					"bits_per_second":	256900997.50005841,
					"retransmits":	0,
					"snd_cwnd":	3156640,
					"rtt":	97730,
					"rttvar":	881,
					"pmtu":	1500,
					"omitted":	false
				}],
			"sum":	{
				"start":	6.00006103515625,
				"end":	8.0000619888305664,
				"seconds":	2.0000009536743164,
				"bytes":	64225280,
				"bits_per_second":	256900997.50005841,
				"retransmits":	0,
				"omitted":	false
			}
		}, {
			"streams":	[{
					"socket":	5,
					"start":	8.0000619888305664,
					"end":	10.00006103515625,
					"seconds":	1.9999990463256836,
					"bytes":	64225280,
					"bits_per_second":	256901242.50005841,
					"retransmits":	0,
					"snd_cwnd":	3156640,
					"rtt":	95367,
					"rttvar":	254,
					"pmtu":	1500,
					"omitted":	false
				}],
			"sum":	{
				"start":	8.0000619888305664,
				"end":	10.00006103515625,
				"seconds":	1.9999990463256836,
				"bytes":	64225280,
				"bits_per_second":	256901242.50005841,
				"retransmits":	0,
				"omitted":	false
			}
		}, {
			"streams":	[{
					"socket":	5,
					"start":	10.00006103515625,
					"end":	12.00006103515625,
					"seconds":	2,
					"bytes":	64225280,
					"bits_per_second":	256901120,
					"retransmits":	0,
					"snd_cwnd":	3156640,
					"rtt":	96476,
					"rttvar":	187,
					"pmtu":	1500,
					"omitted":	false
				}],
			"sum":	{
				"start":	10.00006103515625,
				"end":	12.00006103515625,
				"seconds":	2,
				"bytes":	64225280,
				"bits_per_second":	256901120,
				"retransmits":	0,
				"omitted":	false
			}
		}, {
			"streams":	[{
					"socket":	5,
					"start":	12.00006103515625,
					"end":	14.00006103515625,
					"seconds":	2,
					"bytes":	64225280,
					"bits_per_second":	256901120,
					"retransmits":	0,
					"snd_cwnd":	3156640,
					"rtt":	98949,
					"rttvar":	168,
					"pmtu":	1500,
					"omitted":	false
				}],
			"sum":	{
				"start":	12.00006103515625,
				"end":	14.00006103515625,
				"seconds":	2,
				"bytes":	64225280,
				"bits_per_second":	256901120,
				"retransmits":	0,
				"omitted":	false
			}
		}, {
			"streams":	[{
					"socket":	5,
					"start":	14.00006103515625,
					"end":	16.000076055526733,
					"seconds":	2.0000150203704834,
					"bytes":	65536000,
					"bits_per_second":	262142031.26478556,
					"retransmits":	0,
					"snd_cwnd":	3156640,
					"rtt":	92346,
					"rttvar":	310,
					"pmtu":	1500,
					"omitted":	false
				}],
			"sum":	{
				"start":	14.00006103515625,
				"end":	16.000076055526733,
				"seconds":	2.0000150203704834,
				"bytes":	65536000,
				"bits_per_second":	262142031.26478556,
				"retransmits":	0,
				"omitted":	false
			}
		}, {
			"streams":	[{
					"socket":	5,
					"start":	16.000076055526733,
					"end":	18.000061988830566,
					"seconds":	1.999985933303833,
					"bytes":	64225280,
					"bits_per_second":	256902926.88770846,
					"retransmits":	0,
					"snd_cwnd":	3156640,
					"rtt":	91515,
					"rttvar":	1329,
					"pmtu":	1500,
					"omitted":	false
				}],
			"sum":	{
				"start":	16.000076055526733,
				"end":	18.000061988830566,
				"seconds":	1.999985933303833,
				"bytes":	64225280,
				"bits_per_second":	256902926.88770846,
				"retransmits":	0,
				"omitted":	false
			}
		}, {
			"streams":	[{
					"socket":	5,
					"start":	18.000061988830566,
					"end":	20.000061988830566,
					"seconds":	2,
					"bytes":	64225280,
					"bits_per_second":	256901120,
					"retransmits":	0,
					"snd_cwnd":	3156640,
					"rtt":	92916,
					"rttvar":	1858,
					"pmtu":	1500,
					"omitted":	false
				}],
			"sum":	{
				"start":	18.000061988830566,
				"end":	20.000061988830566,
				"seconds":	2,
				"bytes":	64225280,
				"bits_per_second":	256901120,
				"retransmits":	0,
				"omitted":	false
			}
		}, {
			"streams":	[{
					"socket":	5,
					"start":	20.000061988830566,
					"end":	22.000060081481934,
					"seconds":	1.9999980926513672,
					"bytes":	64225280,
					"bits_per_second":	256901365.00023365,
					"retransmits":	0,
					"snd_cwnd":	3156640,
					"rtt":	98507,
					"rttvar":	121,
					"pmtu":	1500,
					"omitted":	false
				}],
			"sum":	{
				"start":	20.000061988830566,
				"end":	22.000060081481934,
				"seconds":	1.9999980926513672,
				"bytes":	64225280,
				"bits_per_second":	256901365.00023365,
				"retransmits":	0,
				"omitted":	false
			}
		}, {
			"streams":	[{
					"socket":	5,
					"start":	22.000060081481934,
					"end":	24.000060081481934,
					"seconds":	2,
					"bytes":	64225280,
					"bits_per_second":	256901120,
					"retransmits":	0,
					"snd_cwnd":	3156640,
					"rtt":	98349,
					"rttvar":	454,
					"pmtu":	1500,
					"omitted":	false
				}],
			"sum":	{
				"start":	22.000060081481934,
				"end":	24.000060081481934,
				"seconds":	2,
				"bytes":	64225280,
				"bits_per_second":	256901120,
				"retransmits":	0,
				"omitted":	false
			}
		}, {
			"streams":	[{
					"socket":	5,
					"start":	24.000060081481934,
					"end":	26.000065088272095,
					"seconds":	2.0000050067901611,
					"bytes":	64225280,
					"bits_per_second":	256900476.87660998,
					"retransmits":	0,
					"snd_cwnd":	3156640,
					"rtt":	91996,
					"rttvar":	155,
					"pmtu":	1500,
					"omitted":	false
				}],
			"sum":	{
				"start":	24.000060081481934,
				"end":	26.000065088272095,
				"seconds":	2.0000050067901611,
				"bytes":	64225280,
				"bits_per_second":	256900476.87660998,
				"retransmits":	0,