{
	"start":	{
		"connected":	[{
				"socket":	5,
				"local_host":	"192.168.1.1",
				"local_port":	34950,
				"remote_host":	"192.168.4.2",
				"remote_port":	5201
			}],
		"version":	"iperf 3.5",
		"system_info":	"Linux h1 4.18.0-513.5.1.el8_9.x86_64 #1 SMP Fri Nov 17 03:31:10 UTC 2023 x86_64",
		"timestamp":	{
			"time":	"Wed, 24 Jan 2024 17:46:44 GMT",
			"timesecs":	1706118404
		},
		"connecting_to":	{
			"host":	"192.168.4.2",
			"port":	5201
		},
		"cookie":	"yymnrng33s5ryfpjggodoaxrhfiq5vdzlnuj",
		"tcp_mss_default":	1448,
		"sock_bufsize":	0,
		"sndbuf_actual":	16384,
		"rcvbuf_actual":	87380,
		"test_start":	{
			"protocol":	"TCP",
			"num_streams":	1,
			"blksize":	131072,
			"omit":	0,
			"duration":	0,
			"bytes":	1073741824,
			"blocks":	0,
			"reverse":	0,
			"tos":	0
		}
	},
	"intervals":	[{
			"streams":	[{
					"socket":	5,
					"start":	0,
					"end":	2.0000638961791992,
					"seconds":	2.0000638961791992,
					"bytes":	18578024,
					"bits_per_second":	74309721.946345136,
					"retransmits":	0,
					"snd_cwnd":	6293008,
					"rtt":	152711,
					"rttvar":	2176,
					"pmtu":	1500,
					"omitted":	false
				}],
			"sum":	{
				"start":	0,
				"end":	2.0000638961791992,
				"seconds":	2.0000638961791992,
				"bytes":	18578024,
				"bits_per_second":	74309721.946345136,
				"retransmits":	0,
				"omitted":	false
			}
		}, {
			"streams":	[{
					"socket":	5,
					"start":	2.0000638961791992,
					"end":	4.0000660419464111,
					"seconds":	2.0000021457672119,
					"bytes":	40632320,
					"bits_per_second":	162529105.62518707,
					"retransmits":	0,
					"snd_cwnd":	6293008,
					"rtt":	158034,
					"rttvar":	1765,
					"pmtu":	1500,
					"omitted":	false
				}],
			"sum":	{
				"start":	2.0000638961791992,
				"end":	4.0000660419464111,
				"seconds":	2.0000021457672119,
				"bytes":	40632320,
				"bits_per_second":	162529105.62518707,
				"retransmits":	0,
				"omitted":	false
			}
		}, {
			"streams":	[{
					"socket":	5,
					"start":	4.0000660419464111,
					"end":	6.0000629425048828,
					"seconds":	1.9999969005584717,
					"bytes":	40632320,
					"bits_per_second":	162529531.87539035,
					"retransmits":	0,
					"snd_cwnd":	6293008,
					"rtt":	147869,
					"rttvar":	480,
					"pmtu":	1500,
					"omitted":	false
				}],
			"sum":	{
				"start":	4.0000660419464111,
				"end":	6.0000629425048828,
				"seconds":	1.9999969005584717,
				"bytes":	40632320,
				"bits_per_second":	162529531.87539035,
				"retransmits":	0,
				"omitted":	false
			}
		}, {
			"streams":	[{
					"socket":	5,
					"start":	6.0000629425048828,
					"end":	8.0000629425048828,
					"seconds":	2,
					"bytes":	41943040,
					"bits_per_second":	167772160,
					"retransmits":	0,
					"snd_cwnd":	6293008,
					"rtt":	147196,
					"rttvar":	173,
					"pmtu":	1500,
					"omitted":	false
				}],
			"sum":	{
				"start":	6.0000629425048828,
				"end":	8.0000629425048828,
				"seconds":	2,
				"bytes":	41943040,
				"bits_per_second":	167772160,
				"retransmits":	0,
				"omitted":	false
			}
		}, {
			"streams":	[{
					"socket":	5,
					"start":	8.0000629425048828,
					"end":	10.000061988830566,
					"seconds":	1.9999990463256836,
					"bytes":	40632320,
					"bits_per_second":	162529357.50003695,
					"retransmits":	0,
					"snd_cwnd":	6293008,
					"rtt":	147353,
					"rttvar":	228,
					"pmtu":	1500,
					"omitted":	false
				}],
			"sum":	{
				"start":	8.0000629425048828,
				"end":	10.000061988830566,
				"seconds":	1.9999990463256836,
				"bytes":	40632320,
				"bits_per_second":	162529357.50003695,
				"retransmits":	0,
				"omitted":	false
			}
		}, {
			"streams":	[{
					"socket":	5,
					"start":	10.000061988830566,
					"end":	12.000070095062256,
					"seconds":	2.0000081062316895,
					"bytes":	40632320,
					"bits_per_second":	162528621.25267,
					"retransmits":	0,
					"snd_cwnd":	6293008,
					"rtt":	151341,
					"rttvar":	1969,
					"pmtu":	1500,
					"omitted":	false
				}],
			"sum":	{
				"start":	10.000061988830566,
				"end":	12.000070095062256,
				"seconds":	2.0000081062316895,
				"bytes":	40632320,
				"bits_per_second":	162528621.25267,
				"retransmits":	0,
				"omitted":	false
			}
		}, {
			"streams":	[{
					"socket":	5,
					"start":	12.000070095062256,
					"end":	14.000061988830566,
					"seconds":	1.9999918937683105,
					"bytes":	40632320,
					"bits_per_second":	162529938.75267,
					"retransmits":	0,
					"snd_cwnd":	6293008,
					"rtt":	147506,
					"rttvar":	316,
					"pmtu":	1500,
					"omitted":	false
				}],
			"sum":	{
				"start":	12.000070095062256,
				"end":	14.000061988830566,
				"seconds":	1.9999918937683105,
				"bytes":	40632320,
				"bits_per_second":	162529938.75267,
				"retransmits":	0,
				"omitted":	false
			}
		}, {
			"streams":	[{
					"socket":	5,
					"start":	14.000061988830566,
					"end":	16.00007700920105,
					"seconds":	2.0000150203704834,
					"bytes":	40632320,
					"bits_per_second":	162528059.38416705,
					"retransmits":	0,
					"snd_cwnd":	6293008,
					"rtt":	147141,
					"rttvar":	60,
					"pmtu":	1500,
					"omitted":	false
				}],
			"sum":	{
				"start":	14.000061988830566,
				"end":	16.00007700920105,
				"seconds":	2.0000150203704834,
				"bytes":	40632320,
				"bits_per_second":	162528059.38416705,
				"retransmits":	0,
				"omitted":	false
			}
		}, {
			"streams":	[{
					"socket":	5,
					"start":	16.00007700920105,
					"end":	18.000062942504883,
					"seconds":	1.999985933303833,
					"bytes":	41943040,
					"bits_per_second":	167773340.00829941,
					"retransmits":	0,
					"snd_cwnd":	6293008,
					"rtt":	147325,
					"rttvar":	134,
					"pmtu":	1500,
					"omitted":	false
				}],
			"sum":	{
				"start":	16.00007700920105,
				"end":	18.000062942504883,
				"seconds":	1.999985933303833,
				"bytes":	41943040,
				"bits_per_second":	167773340.00829941,
				"retransmits":	0,
				"omitted":	false
			}
		}, {
			"streams":	[{
					"socket":	5,
					"start":	18.000062942504883,
					"end":	20.000066041946411,
					"seconds":	2.0000030994415283,
					"bytes":	40632320,
					"bits_per_second":	162529028.12539032,
					"retransmits":	0,
					"snd_cwnd":	6293008,
					"rtt":	147398,
					"rttvar":	361,
					"pmtu":	1500,
					"omitted":	false
				}],
			"sum":	{
				"start":	18.000062942504883,
				"end":	20.000066041946411,
				"seconds":	2.0000030994415283,
				"bytes":	40632320,
				"bits_per_second":	162529028.12539032,
				"retransmits":	0,
				"omitted":	false
			}
		}, {
			"streams":	[{
					"socket":	5,
					"start":	20.000066041946411,
					"end":	22.000060081481934,
					"seconds":	1.9999940395355225,
					"bytes":	40632320,
					"bits_per_second":	162529764.37644356,
					"retransmits":	0,
					"snd_cwnd":	6293008,
					"rtt":	151612,
					"rttvar":	2391,
					"pmtu":	1500,
					"omitted":	false
				}],
			"sum":	{
				"start":	20.000066041946411,
				"end":	22.000060081481934,
				"seconds":	1.9999940395355225,
				"bytes":	40632320,
				"bits_per_second":	162529764.37644356,
				"retransmits":	0,
				"omitted":	false
			}
		}, {
			"streams":	[{
					"socket":	5,
					"start":	22.000060081481934,
					"end":	24.000062942504883,
					"seconds":	2.0000028610229492,
					"bytes":	40632320,
					"bits_per_second":	162529047.50033259,
					"retransmits":	0,
					"snd_cwnd":	6293008,
					"rtt":	147200,
					"rttvar":	262,
					"pmtu":	1500,
					"omitted":	false
				}],
			"sum":	{
				"start":	22.000060081481934,
				"end":	24.000062942504883,
				"seconds":	2.0000028610229492,
				"bytes":	40632320,
				"bits_per_second":	162529047.50033259,
				"retransmits":	0,
				"omitted":	false
			}
		}, {
			"streams":	[{
					"socket":	5,
					"start":	24.000062942504883,
					"end":	26.000080108642578,
					"seconds":	2.0000171661376953,
					"bytes":	40632320,
					"bits_per_second":	162527885.01197329,
					"retransmits":	0,
					"snd_cwnd":	6293008,
					"rtt":	147462,
					"rttvar":	541,
					"pmtu":	1500,
					"omitted":	false
				}],