{
	"start":	{
		"connected":	[{
				"socket":	5,
				"local_host":	"192.168.1.1",
				"local_port":	46180,
				"remote_host":	"192.168.4.2",
				"remote_port":	5201
			}],
		"version":	"iperf 3.5",
		"system_info":	"Linux h1 4.18.0-513.5.1.el8_9.x86_64 #1 SMP Fri Nov 17 03:31:10 UTC 2023 x86_64",
		"timestamp":	{
			"time":	"Wed, 24 Jan 2024 20:42:43 GMT",
			"timesecs":	1706128963
		},
		"connecting_to":	{
			"host":	"192.168.4.2",
			"port":	5201
		},
		"cookie":	"6xkmyhwbbnvxjtvvzaaokvzhtnkn5vixdvro",
		"tcp_mss_default":	1448,
		"sock_bufsize":	0,
		"sndbuf_actual":	16384,
		"rcvbuf_actual":	87380,
		"test_start":	{
			"protocol":	"TCP",
			"num_streams":	1,
			"blksize":	131072,
			"omit":	0,
			"duration":	0,
			"bytes":	1073741824,
			"blocks":	0,
			"reverse":	0,
			"tos":	0
		}
	},
	"intervals":	[{
			"streams":	[{
					"socket":	5,
					"start":	0,
					"end":	2.00006103515625,
					"seconds":	2.00006103515625,
					"bytes":	17417928,
					"bits_per_second":	69669585.8529708,
					"retransmits":	0,
					"snd_cwnd":	9259960,
					"rtt":	150854,
					"rttvar":	715,
					"pmtu":	1500,
					"omitted":	false
				}],
			"sum":	{
				"start":	0,
				"end":	2.00006103515625,
				"seconds":	2.00006103515625,
				"bytes":	17417928,
				"bits_per_second":	69669585.8529708,
				"retransmits":	0,
				"omitted":	false
			}
		}, {
			"streams":	[{
					"socket":	5,
					"start":	2.00006103515625,
					"end":	4.0000619888305664,
					"seconds":	2.0000009536743164,
					"bytes":	40632320,
					"bits_per_second":	162529202.50003695,
					"retransmits":	0,
					"snd_cwnd":	9259960,
					"rtt":	147657,
					"rttvar":	376,
					"pmtu":	1500,
					"omitted":	false
				}],
			"sum":	{
				"start":	2.00006103515625,
				"end":	4.0000619888305664,
				"seconds":	2.0000009536743164,
				"bytes":	40632320,
				"bits_per_second":	162529202.50003695,
				"retransmits":	0,
				"omitted":	false
			}
		}, {
			"streams":	[{
					"socket":	5,
					"start":	4.0000619888305664,
					"end":	6.0000820159912109,
					"seconds":	2.0000200271606445,
					"bytes":	40632320,
					"bits_per_second":	162527652.51629695,
					"retransmits":	0,
					"snd_cwnd":	9259960,
					"rtt":	148216,
					"rttvar":	515,
					"pmtu":	1500,
					"omitted":	false
				}],
			"sum":	{
				"start":	4.0000619888305664,
				"end":	6.0000820159912109,
				"seconds":	2.0000200271606445,
				"bytes":	40632320,
				"bits_per_second":	162527652.51629695,
				"retransmits":	0,
				"omitted":	false
			}
		}, {
			"streams":	[{
					"socket":	5,
					"start":	6.0000820159912109,
					"end":	8.00006103515625,
					"seconds":	1.9999790191650391,
					"bytes":	41943040,
					"bits_per_second":	167773920.01846331,
					"retransmits":	0,
					"snd_cwnd":	9259960,
					"rtt":	147308,
					"rttvar":	344,
					"pmtu":	1500,
					"omitted":	false
				}],
			"sum":	{
				"start":	6.0000820159912109,
				"end":	8.00006103515625,
				"seconds":	1.9999790191650391,
				"bytes":	41943040,
				"bits_per_second":	167773920.01846331,
				"retransmits":	0,
				"omitted":	false
			}
		}, {
			"streams":	[{
					"socket":	5,
					"start":	8.00006103515625,
					"end":	10.000070810317993,
					"seconds":	2.0000097751617432,
					"bytes":	40632320,
					"bits_per_second":	162528485.62888256,
					"retransmits":	0,
					"snd_cwnd":	9259960,
					"rtt":	147523,
					"rttvar":	465,
					"pmtu":	1500,
					"omitted":	false
				}],
			"sum":	{
				"start":	8.00006103515625,
				"end":	10.000070810317993,
				"seconds":	2.0000097751617432,
				"bytes":	40632320,
				"bits_per_second":	162528485.62888256,
				"retransmits":	0,
				"omitted":	false
			}
		}, {
			"streams":	[{
					"socket":	5,
					"start":	10.000070810317993,
					"end":	12.000064849853516,
					"seconds":	1.9999940395355225,
					"bytes":	40632320,
					"bits_per_second":	162529764.37644356,
					"retransmits":	0,
					"snd_cwnd":	9259960,
					"rtt":	152091,
					"rttvar":	696,
					"pmtu":	1500,
					"omitted":	false
				}],
			"sum":	{
				"start":	10.000070810317993,
				"end":	12.000064849853516,
				"seconds":	1.9999940395355225,
				"bytes":	40632320,
				"bits_per_second":	162529764.37644356,
				"retransmits":	0,
				"omitted":	false
			}
		}, {
			"streams":	[{
					"socket":	5,
					"start":	12.000064849853516,
					"end":	14.000061988830566,
					"seconds":	1.9999971389770508,
					"bytes":	40632320,
					"bits_per_second":	162529512.50033259,
					"retransmits":	0,
					"snd_cwnd":	9259960,
					"rtt":	147913,
					"rttvar":	411,
					"pmtu":	1500,
					"omitted":	false
				}],
			"sum":	{
				"start":	12.000064849853516,
				"end":	14.000061988830566,
				"seconds":	1.9999971389770508,
				"bytes":	40632320,
				"bits_per_second":	162529512.50033259,
				"retransmits":	0,
				"omitted":	false
			}
		}, {
			"streams":	[{
					"socket":	5,
					"start":	14.000061988830566,
					"end":	16.000078916549683,
					"seconds":	2.0000169277191162,
					"bytes":	40632320,
					"bits_per_second":	162527904.386643,
					"retransmits":	0,
					"snd_cwnd":	9259960,
					"rtt":	147673,
					"rttvar":	198,
					"pmtu":	1500,
					"omitted":	false
				}],
			"sum":	{
				"start":	14.000061988830566,
				"end":	16.000078916549683,
				"seconds":	2.0000169277191162,
				"bytes":	40632320,
				"bits_per_second":	162527904.386643,
				"retransmits":	0,
				"omitted":	false
			}
		}, {
			"streams":	[{
					"socket":	5,
					"start":	16.000078916549683,
					"end":	18.000057935714722,
					"seconds":	1.9999790191650391,
					"bytes":	41943040,
					"bits_per_second":	167773920.01846331,
					"retransmits":	0,
					"snd_cwnd":	9259960,
					"rtt":	147890,
					"rttvar":	421,
					"pmtu":	1500,
					"omitted":	false
				}],
			"sum":	{
				"start":	16.000078916549683,
				"end":	18.000057935714722,
				"seconds":	1.9999790191650391,
				"bytes":	41943040,
				"bits_per_second":	167773920.01846331,
				"retransmits":	0,
				"omitted":	false
			}
		}, {
			"streams":	[{
					"socket":	5,
					"start":	18.000057935714722,
					"end":	20.000061988830566,
					"seconds":	2.0000040531158447,
					"bytes":	31457280,
					"bits_per_second":	125828865.00051677,
					"retransmits":	0,
					"snd_cwnd":	9259960,
					"rtt":	148080,
					"rttvar":	254,
					"pmtu":	1500,
					"omitted":	false
				}],
			"sum":	{
				"start":	18.000057935714722,
				"end":	20.000061988830566,
				"seconds":	2.0000040531158447,
				"bytes":	31457280,
				"bits_per_second":	125828865.00051677,
				"retransmits":	0,
				"omitted":	false
			}
		}, {
			"streams":	[{
					"socket":	5,
					"start":	20.000061988830566,
					"end":	22.000083923339844,
					"seconds":	2.0000219345092773,
					"bytes":	40632320,
					"bits_per_second":	162527497.51954892,
					"retransmits":	0,
					"snd_cwnd":	9259960,
					"rtt":	147655,
					"rttvar":	337,
					"pmtu":	1500,
					"omitted":	false
				}],
			"sum":	{
				"start":	20.000061988830566,
				"end":	22.000083923339844,
				"seconds":	2.0000219345092773,
				"bytes":	40632320,
				"bits_per_second":	162527497.51954892,
				"retransmits":	0,
				"omitted":	false
			}
		}, {
			"streams":	[{
					"socket":	5,
					"start":	22.000083923339844,
					"end":	24.000092029571533,
					"seconds":	2.0000081062316895,
					"bytes":	40632320,
					"bits_per_second":	162528621.25267,
					"retransmits":	0,
					"snd_cwnd":	9259960,
					"rtt":	147112,
					"rttvar":	171,
					"pmtu":	1500,
					"omitted":	false
				}],
			"sum":	{
				"start":	22.000083923339844,
				"end":	24.000092029571533,
				"seconds":	2.0000081062316895,
				"bytes":	40632320,
				"bits_per_second":	162528621.25267,
				"retransmits":	0,
				"omitted":	false
			}
		}, {
			"streams":	[{
					"socket":	5,
					"start":	24.000092029571533,
					"end":	26.0000638961792,
					"seconds":	1.999971866607666,
					"bytes":	41943040,
					"bits_per_second":	167774520.03319788,
					"retransmits":	0,
					"snd_cwnd":	9259960,
					"rtt":	148466,
					"rttvar":	876,
					"pmtu":	1500,
					"omitted":	false
				}],