{
	"start":	{
		"connected":	[{
				"socket":	5,
				"local_host":	"192.168.1.1",
				"local_port":	40612,
				"remote_host":	"192.168.4.2",
				"remote_port":	5201
			}],
		"version":	"iperf 3.5",
		"system_info":	"Linux h1 4.18.0-513.5.1.el8_9.x86_64 #1 SMP Fri Nov 17 03:31:10 UTC 2023 x86_64",
		"timestamp":	{
			"time":	"Thu, 25 Jan 2024 01:05:22 GMT",
			"timesecs":	1706144722
		},
		"connecting_to":	{
			"host":	"192.168.4.2",
			"port":	5201
		},
		"cookie":	"ydmj3wwimfupr2uxjzwwunpfqk4njldgwteq",
		"tcp_mss_default":	1448,
		"sock_bufsize":	0,
		"sndbuf_actual":	16384,
		"rcvbuf_actual":	87380,
		"test_start":	{
			"protocol":	"TCP",
			"num_streams":	1,
			"blksize":	131072,
			"omit":	0,
			"duration":	0,
			"bytes":	1073741824,
			"blocks":	0,
			"reverse":	0,
			"tos":	0
		}
	},
	"intervals":	[{
			"streams":	[{
					"socket":	5,
					"start":	0,
					"end":	2.0000648498535156,
					"seconds":	2.0000648498535156,
					"bytes":	19101032,
					"bits_per_second":	76401650.682072461,
					"retransmits":	1651,
					"snd_cwnd":	1003464,
					"rtt":	87007,
					"rttvar":	146,
					"pmtu":	1500,
					"omitted":	false
				}],
			"sum":	{
				"start":	0,
				"end":	2.0000648498535156,
				"seconds":	2.0000648498535156,
				"bytes":	19101032,
				"bits_per_second":	76401650.682072461,
				"retransmits":	1651,
				"omitted":	false
			}
		}, {
			"streams":	[{
					"socket":	5,
					"start":	2.0000648498535156,
					"end":	4.000108003616333,
					"seconds":	2.0000431537628174,
					"bytes":	23592960,
					"bits_per_second":	94369803.793934971,
					"retransmits":	0,
					"snd_cwnd":	1120752,
					"rtt":	87039,
					"rttvar":	176,
					"pmtu":	1500,
					"omitted":	false
				}],
			"sum":	{
				"start":	2.0000648498535156,
				"end":	4.000108003616333,
				"seconds":	2.0000431537628174,
				"bytes":	23592960,
				"bits_per_second":	94369803.793934971,
				"retransmits":	0,
				"omitted":	false
			}
		}, {
			"streams":	[{
					"socket":	5,
					"start":	4.000108003616333,
					"end":	6.000108003616333,
					"seconds":	2,
					"bytes":	26214400,
					"bits_per_second":	104857600,
					"retransmits":	0,
					"snd_cwnd":	1169984,
					"rtt":	87061,
					"rttvar":	123,
					"pmtu":	1500,
					"omitted":	false
				}],
			"sum":	{
				"start":	4.000108003616333,
				"end":	6.000108003616333,
				"seconds":	2,
				"bytes":	26214400,
				"bits_per_second":	104857600,
				"retransmits":	0,
				"omitted":	false
			}
		}, {
			"streams":	[{
					"socket":	5,
					"start":	6.000108003616333,
					"end":	8.0000648498535156,
					"seconds":	1.9999568462371826,
					"bytes":	27525120,
					"bits_per_second":	110102855.67625968,
					"retransmits":	0,
					"snd_cwnd":	1181568,
					"rtt":	87088,
					"rttvar":	158,
					"pmtu":	1500,
					"omitted":	false
				}],
			"sum":	{
				"start":	6.000108003616333,
				"end":	8.0000648498535156,
				"seconds":	1.9999568462371826,
				"bytes":	27525120,
				"bits_per_second":	110102855.67625968,
				"retransmits":	0,
				"omitted":	false
			}
		}, {
			"streams":	[{
					"socket":	5,
					"start":	8.0000648498535156,
					"end":	10.000064849853516,
					"seconds":	2,
					"bytes":	27525120,
					"bits_per_second":	110100480,
					"retransmits":	0,
					"snd_cwnd":	1181568,
					"rtt":	87057,
					"rttvar":	115,
					"pmtu":	1500,
					"omitted":	false
				}],
			"sum":	{
				"start":	8.0000648498535156,
				"end":	10.000064849853516,
				"seconds":	2,
				"bytes":	27525120,
				"bits_per_second":	110100480,
				"retransmits":	0,
				"omitted":	false
			}
		}, {
			"streams":	[{
					"socket":	5,
					"start":	10.000064849853516,
					"end":	12.000103950500488,
					"seconds":	2.0000391006469727,
					"bytes":	26214400,
					"bits_per_second":	104855550.04007737,
					"retransmits":	0,
					"snd_cwnd":	1201840,
					"rtt":	87047,
					"rttvar":	120,
					"pmtu":	1500,
					"omitted":	false
				}],
			"sum":	{
				"start":	10.000064849853516,
				"end":	12.000103950500488,
				"seconds":	2.0000391006469727,
				"bytes":	26214400,
				"bits_per_second":	104855550.04007737,
				"retransmits":	0,
				"omitted":	false
			}
		}, {
			"streams":	[{
					"socket":	5,
					"start":	12.000103950500488,
					"end":	14.000064849853516,
					"seconds":	1.9999608993530273,
					"bytes":	28835840,
					"bits_per_second":	115345615.04408684,
					"retransmits":	0,
					"snd_cwnd":	1264104,
					"rtt":	87083,
					"rttvar":	136,
					"pmtu":	1500,
					"omitted":	false
				}],
			"sum":	{
				"start":	12.000103950500488,
				"end":	14.000064849853516,
				"seconds":	1.9999608993530273,
				"bytes":	28835840,
				"bits_per_second":	115345615.04408684,
				"retransmits":	0,
				"omitted":	false
			}
		}, {
			"streams":	[{
					"socket":	5,
					"start":	14.000064849853516,
					"end":	16.000061988830566,
					"seconds":	1.9999971389770508,
					"bytes":	30146560,
					"bits_per_second":	120586412.50024676,
					"retransmits":	0,
					"snd_cwnd":	1403112,
					"rtt":	87020,
					"rttvar":	76,
					"pmtu":	1500,
					"omitted":	false
				}],
			"sum":	{
				"start":	14.000064849853516,
				"end":	16.000061988830566,
				"seconds":	1.9999971389770508,
				"bytes":	30146560,
				"bits_per_second":	120586412.50024676,
				"retransmits":	0,
				"omitted":	false
			}
		}, {
			"streams":	[{
					"socket":	5,
					"start":	16.000061988830566,
					"end":	18.000066995620728,
					"seconds":	2.0000050067901611,
					"bytes":	34078720,
					"bits_per_second":	136314538.75085428,
					"retransmits":	0,
					"snd_cwnd":	1639136,
					"rtt":	87084,
					"rttvar":	73,
					"pmtu":	1500,
					"omitted":	false
				}],
			"sum":	{
				"start":	16.000061988830566,
				"end":	18.000066995620728,
				"seconds":	2.0000050067901611,
				"bytes":	34078720,
				"bits_per_second":	136314538.75085428,
				"retransmits":	0,
				"omitted":	false
			}
		}, {
			"streams":	[{
					"socket":	5,
					"start":	18.000066995620728,
					"end":	20.00006103515625,
					"seconds":	1.9999940395355225,
					"bytes":	41943040,
					"bits_per_second":	167772660.00149012,
					"retransmits":	0,
					"snd_cwnd":	2005480,
					"rtt":	87206,
					"rttvar":	200,
					"pmtu":	1500,
					"omitted":	false
				}],
			"sum":	{
				"start":	18.000066995620728,
				"end":	20.00006103515625,
				"seconds":	1.9999940395355225,
				"bytes":	41943040,
				"bits_per_second":	167772660.00149012,
				"retransmits":	0,
				"omitted":	false
			}
		}, {
			"streams":	[{
					"socket":	5,
					"start":	20.00006103515625,
					"end":	22.000058889389038,
					"seconds":	1.9999978542327881,
					"bytes":	51118080,
					"bits_per_second":	204472539.37523538,
					"retransmits":	0,
					"snd_cwnd":	2526760,
					"rtt":	87220,
					"rttvar":	125,
					"pmtu":	1500,
					"omitted":	false
				}],
			"sum":	{
				"start":	20.00006103515625,
				"end":	22.000058889389038,
				"seconds":	1.9999978542327881,
				"bytes":	51118080,
				"bits_per_second":	204472539.37523538,
				"retransmits":	0,
				"omitted":	false
			}
		}, {
			"streams":	[{
					"socket":	5,
					"start":	22.000058889389038,
					"end":	24.000059843063354,
					"seconds":	2.0000009536743164,
					"bytes":	61603840,
					"bits_per_second":	246415242.50005603,
					"retransmits":	0,
					"snd_cwnd":	3149400,
					"rtt":	95629,
					"rttvar":	307,
					"pmtu":	1500,
					"omitted":	false
				}],
			"sum":	{
				"start":	22.000058889389038,
				"end":	24.000059843063354,
				"seconds":	2.0000009536743164,
				"bytes":	61603840,
				"bits_per_second":	246415242.50005603,
				"retransmits":	0,
				"omitted":	false
			}
		}, {
			"streams":	[{
					"socket":	5,
					"start":	24.000059843063354,
					"end":	26.000061988830566,
					"seconds":	2.0000021457672119,
					"bytes":	48496640,
					"bits_per_second":	193986351.87522328,
					"retransmits":	1224,
					"snd_cwnd":	1103376,
					"rtt":	86988,
					"rttvar":	137,
					"pmtu":	1500,
					"omitted":	false
				}],
			"sum":	{
				"start":	24.000059843063354,
				"end":	26.000061988830566,