{
	"start":	{
		"connected":	[{
				"socket":	5,
				"local_host":	"192.168.1.1",
				"local_port":	38454,
				"remote_host":	"192.168.4.2",
				"remote_port":	5201
			}],
		"version":	"iperf 3.5",
		"system_info":	"Linux h1 4.18.0-513.5.1.el8_9.x86_64 #1 SMP Fri Nov 17 03:31:10 UTC 2023 x86_64",
		"timestamp":	{
			"time":	"Wed, 24 Jan 2024 20:39:45 GMT",
			"timesecs":	1706128785
		},
		"connecting_to":	{
			"host":	"192.168.4.2",
			"port":	5201
		},
		"cookie":	"zc6krye5zmidyxkbhkw3no2j7ojyuxpugygt",
		"tcp_mss_default":	1448,
		"sock_bufsize":	0,
		"sndbuf_actual":	16384,
		"rcvbuf_actual":	87380,
		"test_start":	{
			"protocol":	"TCP",
			"num_streams":	1,
			"blksize":	131072,
			"omit":	0,
			"duration":	0,
			"bytes":	1073741824,
			"blocks":	0,
			"reverse":	0,
			"tos":	0
		}
	},
	"intervals":	[{
			"streams":	[{
					"socket":	5,
					"start":	0,
					"end":	2.00006103515625,
					"seconds":	2.00006103515625,
					"bytes":	17684608,
					"bits_per_second":	70736273.300253287,
					"retransmits":	0,
					"snd_cwnd":	9252720,
					"rtt":	147503,
					"rttvar":	372,
					"pmtu":	1500,
					"omitted":	false
				}],
			"sum":	{
				"start":	0,
				"end":	2.00006103515625,
				"seconds":	2.00006103515625,
				"bytes":	17684608,
				"bits_per_second":	70736273.300253287,
				"retransmits":	0,
				"omitted":	false
			}
		}, {
			"streams":	[{
					"socket":	5,
					"start":	2.00006103515625,
					"end":	4.0000600814819336,
					"seconds":	1.9999990463256836,
					"bytes":	40632320,
					"bits_per_second":	162529357.50003695,
					"retransmits":	0,
					"snd_cwnd":	9259960,
					"rtt":	152472,
					"rttvar":	633,
					"pmtu":	1500,
					"omitted":	false
				}],
			"sum":	{
				"start":	2.00006103515625,
				"end":	4.0000600814819336,
				"seconds":	1.9999990463256836,
				"bytes":	40632320,
				"bits_per_second":	162529357.50003695,
				"retransmits":	0,
				"omitted":	false
			}
		}, {
			"streams":	[{
					"socket":	5,
					"start":	4.0000600814819336,
					"end":	6.0000581741333008,
					"seconds":	1.9999980926513672,
					"bytes":	40632320,
					"bits_per_second":	162529435.00014782,
					"retransmits":	0,
					"snd_cwnd":	9259960,
					"rtt":	147950,
					"rttvar":	394,
					"pmtu":	1500,
					"omitted":	false
				}],
			"sum":	{
				"start":	4.0000600814819336,
				"end":	6.0000581741333008,
				"seconds":	1.9999980926513672,
				"bytes":	40632320,
				"bits_per_second":	162529435.00014782,
				"retransmits":	0,
				"omitted":	false
			}
		}, {
			"streams":	[{
					"socket":	5,
					"start":	6.0000581741333008,
					"end":	8.0000731945037842,
					"seconds":	2.0000150203704834,
					"bytes":	40632320,
					"bits_per_second":	162528059.38416705,
					"retransmits":	0,
					"snd_cwnd":	9259960,
					"rtt":	147534,
					"rttvar":	288,
					"pmtu":	1500,
					"omitted":	false
				}],
			"sum":	{
				"start":	6.0000581741333008,
				"end":	8.0000731945037842,
				"seconds":	2.0000150203704834,
				"bytes":	40632320,
				"bits_per_second":	162528059.38416705,
				"retransmits":	0,
				"omitted":	false
			}
		}, {
			"streams":	[{
					"socket":	5,
					"start":	8.0000731945037842,
					"end":	10.000059127807617,
					"seconds":	1.999985933303833,
					"bytes":	41943040,
					"bits_per_second":	167773340.00829941,
					"retransmits":	0,
					"snd_cwnd":	9259960,
					"rtt":	147229,
					"rttvar":	315,
					"pmtu":	1500,
					"omitted":	false
				}],
			"sum":	{
				"start":	8.0000731945037842,
				"end":	10.000059127807617,
				"seconds":	1.999985933303833,
				"bytes":	41943040,
				"bits_per_second":	167773340.00829941,
				"retransmits":	0,
				"omitted":	false
			}
		}, {
			"streams":	[{
					"socket":	5,
					"start":	10.000059127807617,
					"end":	12.0000741481781,
					"seconds":	2.0000150203704834,
					"bytes":	40632320,
					"bits_per_second":	162528059.38416705,
					"retransmits":	0,
					"snd_cwnd":	9259960,
					"rtt":	147475,
					"rttvar":	171,
					"pmtu":	1500,
					"omitted":	false
				}],
			"sum":	{
				"start":	10.000059127807617,
				"end":	12.0000741481781,
				"seconds":	2.0000150203704834,
				"bytes":	40632320,
				"bits_per_second":	162528059.38416705,
				"retransmits":	0,
				"omitted":	false
			}
		}, {
			"streams":	[{
					"socket":	5,
					"start":	12.0000741481781,
					"end":	14.000060081481934,
					"seconds":	1.999985933303833,
					"bytes":	40632320,
					"bits_per_second":	162530423.13304004,
					"retransmits":	0,
					"snd_cwnd":	9259960,
					"rtt":	150746,
					"rttvar":	655,
					"pmtu":	1500,
					"omitted":	false
				}],
			"sum":	{
				"start":	12.0000741481781,
				"end":	14.000060081481934,
				"seconds":	1.999985933303833,
				"bytes":	40632320,
				"bits_per_second":	162530423.13304004,
				"retransmits":	0,
				"omitted":	false
			}
		}, {
			"streams":	[{
					"socket":	5,
					"start":	14.000060081481934,
					"end":	16.000061988830566,
					"seconds":	2.0000019073486328,
					"bytes":	40632320,
					"bits_per_second":	162529125.00014782,
					"retransmits":	0,
					"snd_cwnd":	9259960,
					"rtt":	148246,
					"rttvar":	1316,
					"pmtu":	1500,
					"omitted":	false
				}],
			"sum":	{
				"start":	14.000060081481934,
				"end":	16.000061988830566,
				"seconds":	2.0000019073486328,
				"bytes":	40632320,
				"bits_per_second":	162529125.00014782,
				"retransmits":	0,
				"omitted":	false
			}
		}, {
			"streams":	[{
					"socket":	5,
					"start":	16.000061988830566,
					"end":	18.000061988830566,
					"seconds":	2,
					"bytes":	40632320,
					"bits_per_second":	162529280,
					"retransmits":	0,
					"snd_cwnd":	9259960,
					"rtt":	147441,
					"rttvar":	380,
					"pmtu":	1500,
					"omitted":	false
				}],
			"sum":	{
				"start":	16.000061988830566,
				"end":	18.000061988830566,
				"seconds":	2,
				"bytes":	40632320,
				"bits_per_second":	162529280,
				"retransmits":	0,
				"omitted":	false
			}
		}, {
			"streams":	[{
					"socket":	5,
					"start":	18.000061988830566,
					"end":	20.000060081481934,
					"seconds":	1.9999980926513672,
					"bytes":	41943040,
					"bits_per_second":	167772320.00015259,
					"retransmits":	0,
					"snd_cwnd":	9259960,
					"rtt":	147440,
					"rttvar":	108,
					"pmtu":	1500,
					"omitted":	false
				}],
			"sum":	{
				"start":	18.000061988830566,
				"end":	20.000060081481934,
				"seconds":	1.9999980926513672,
				"bytes":	41943040,
				"bits_per_second":	167772320.00015259,
				"retransmits":	0,
				"omitted":	false
			}
		}, {
			"streams":	[{
					"socket":	5,
					"start":	20.000060081481934,
					"end":	22.000070095062256,
					"seconds":	2.0000100135803223,
					"bytes":	40632320,
					"bits_per_second":	162528466.25407425,
					"retransmits":	0,
					"snd_cwnd":	9259960,
					"rtt":	147233,
					"rttvar":	281,
					"pmtu":	1500,
					"omitted":	false
				}],
			"sum":	{
				"start":	20.000060081481934,
				"end":	22.000070095062256,
				"seconds":	2.0000100135803223,
				"bytes":	40632320,
				"bits_per_second":	162528466.25407425,
				"retransmits":	0,
				"omitted":	false
			}
		}, {
			"streams":	[{
					"socket":	5,
					"start":	22.000070095062256,
					"end":	24.000060081481934,
					"seconds":	1.9999899864196777,
					"bytes":	40632320,
					"bits_per_second":	162530093.75407431,
					"retransmits":	0,
					"snd_cwnd":	9259960,
					"rtt":	147544,
					"rttvar":	147,
					"pmtu":	1500,
					"omitted":	false
				}],
			"sum":	{
				"start":	22.000070095062256,
				"end":	24.000060081481934,
				"seconds":	1.9999899864196777,
				"bytes":	40632320,
				"bits_per_second":	162530093.75407431,
				"retransmits":	0,
				"omitted":	false
			}
		}, {
			"streams":	[{
					"socket":	5,
					"start":	24.000060081481934,
					"end":	26.000285148620605,
					"seconds":	2.0002250671386719,
					"bytes":	20971520,
					"bits_per_second":	83876641.062197357,
					"retransmits":	1344,
					"snd_cwnd":	2257432,
					"rtt":	160473,
					"rttvar":	608,
					"pmtu":	1500,
					"omitted":	false
				}],
			"sum":	{
				"start":	24.000060081481934,