{
	"start":	{
		"connected":	[{
				"socket":	5,
				"local_host":	"192.168.1.1",
				"local_port":	47918,
				"remote_host":	"192.168.4.2",
				"remote_port":	5201
			}],
		"version":	"iperf 3.5",
		"system_info":	"Linux h1 4.18.0-513.5.1.el8_9.x86_64 #1 SMP Fri Nov 17 03:31:10 UTC 2023 x86_64",
		"timestamp":	{
			"time":	"Wed, 24 Jan 2024 17:35:28 GMT",
			"timesecs":	1706117728
		},
		"connecting_to":	{
			"host":	"192.168.4.2",
			"port":	5201
		},
		"cookie":	"6jdugsevqfyhoxmc4nge6533iisoyh44gnc2",
		"tcp_mss_default":	1448,
		"sock_bufsize":	0,
		"sndbuf_actual":	16384,
		"rcvbuf_actual":	87380,
		"test_start":	{
			"protocol":	"TCP",
			"num_streams":	1,
			"blksize":	131072,
			"omit":	0,
			"duration":	0,
			"bytes":	1073741824,
			"blocks":	0,
			"reverse":	0,
			"tos":	0
		}
	},
	"intervals":	[{
			"streams":	[{
					"socket":	5,
					"start":	0,
					"end":	2.0000619888305664,
					"seconds":	2.0000619888305664,
					"bytes":	44136480,
					"bits_per_second":	176540448.23203322,
					"retransmits":	0,
					"snd_cwnd":	3159536,
					"rtt":	90389,
					"rttvar":	2032,
					"pmtu":	1500,
					"omitted":	false
				}],
			"sum":	{
				"start":	0,
				"end":	2.0000619888305664,
				"seconds":	2.0000619888305664,
				"bytes":	44136480,
				"bits_per_second":	176540448.23203322,
				"retransmits":	0,
				"omitted":	false
			}
		}, {
			"streams":	[{
					"socket":	5,
					"start":	2.0000619888305664,
					"end":	4.0000619888305664,
					"seconds":	2,
					"bytes":	64225280,
					"bits_per_second":	256901120,
					"retransmits":	0,
					"snd_cwnd":	3159536,
					"rtt":	92631,
					"rttvar":	1945,
					"pmtu":	1500,
					"omitted":	false
				}],
			"sum":	{
				"start":	2.0000619888305664,
				"end":	4.0000619888305664,
				"seconds":	2,
				"bytes":	64225280,
				"bits_per_second":	256901120,
				"retransmits":	0,
				"omitted":	false
			}
		}, {
			"streams":	[{
					"socket":	5,
					"start":	4.0000619888305664,
					"end":	6.0000607967376709,
					"seconds":	1.9999988079071045,
					"bytes":	64225280,
					"bits_per_second":	256901273.12509128,
					"retransmits":	0,
					"snd_cwnd":	3159536,
					"rtt":	95580,
					"rttvar":	3743,
					"pmtu":	1500,
					"omitted":	false
				}],
			"sum":	{
				"start":	4.0000619888305664,
				"end":	6.0000607967376709,
				"seconds":	1.9999988079071045,
				"bytes":	64225280,
				"bits_per_second":	256901273.12509128,
				"retransmits":	0,
				"omitted":	false
			}
		}, {
			"streams":	[{
					"socket":	5,
					"start":	6.0000607967376709,
					"end":	8.0000607967376709,
					"seconds":	2,
					"bytes":	64225280,
					"bits_per_second":	256901120,
					"retransmits":	0,
					"snd_cwnd":	3159536,
					"rtt":	94706,
					"rttvar":	502,
					"pmtu":	1500,
					"omitted":	false
				}],
			"sum":	{
				"start":	6.0000607967376709,
				"end":	8.0000607967376709,
				"seconds":	2,
				"bytes":	64225280,
				"bits_per_second":	256901120,
				"retransmits":	0,
				"omitted":	false
			}
		}, {
			"streams":	[{
					"socket":	5,
					"start":	8.0000607967376709,
					"end":	10.000066995620728,
					"seconds":	2.0000061988830566,
					"bytes":	64225280,
					"bits_per_second":	256900323.75246793,
					"retransmits":	0,
					"snd_cwnd":	3159536,
					"rtt":	93057,
					"rttvar":	155,
					"pmtu":	1500,
					"omitted":	false
				}],
			"sum":	{
				"start":	8.0000607967376709,
				"end":	10.000066995620728,
				"seconds":	2.0000061988830566,
				"bytes":	64225280,
				"bits_per_second":	256900323.75246793,
				"retransmits":	0,
				"omitted":	false
			}
		}, {
			"streams":	[{
					"socket":	5,
					"start":	10.000066995620728,
					"end":	12.000058889389038,
					"seconds":	1.9999918937683105,
					"bytes":	64225280,
					"bits_per_second":	256902161.25422034,
					"retransmits":	0,
					"snd_cwnd":	3159536,
					"rtt":	99746,
					"rttvar":	304,
					"pmtu":	1500,
					"omitted":	false
				}],
			"sum":	{
				"start":	10.000066995620728,
				"end":	12.000058889389038,
				"seconds":	1.9999918937683105,
				"bytes":	64225280,
				"bits_per_second":	256902161.25422034,
				"retransmits":	0,
				"omitted":	false
			}
		}, {
			"streams":	[{
					"socket":	5,
					"start":	12.000058889389038,
					"end":	14.000062942504883,
					"seconds":	2.0000040531158447,
					"bytes":	65536000,
					"bits_per_second":	262143468.75107661,
					"retransmits":	0,
					"snd_cwnd":	3159536,
					"rtt":	91643,
					"rttvar":	124,
					"pmtu":	1500,
					"omitted":	false
				}],
			"sum":	{
				"start":	12.000058889389038,
				"end":	14.000062942504883,
				"seconds":	2.0000040531158447,
				"bytes":	65536000,
				"bits_per_second":	262143468.75107661,
				"retransmits":	0,
				"omitted":	false
			}
		}, {
			"streams":	[{
					"socket":	5,
					"start":	14.000062942504883,
					"end":	16.000064849853516,
					"seconds":	2.0000019073486328,
					"bytes":	64225280,
					"bits_per_second":	256900875.00023365,
					"retransmits":	0,
					"snd_cwnd":	3159536,
					"rtt":	91501,
					"rttvar":	1389,
					"pmtu":	1500,
					"omitted":	false
				}],
			"sum":	{
				"start":	14.000062942504883,
				"end":	16.000064849853516,
				"seconds":	2.0000019073486328,
				"bytes":	64225280,
				"bits_per_second":	256900875.00023365,
				"retransmits":	0,
				"omitted":	false
			}
		}, {
			"streams":	[{
					"socket":	5,
					"start":	16.000064849853516,
					"end":	18.000060796737671,
					"seconds":	1.9999959468841553,
					"bytes":	64225280,
					"bits_per_second":	256901640.62605509,
					"retransmits":	0,
					"snd_cwnd":	3159536,
					"rtt":	96778,
					"rttvar":	1714,
					"pmtu":	1500,
					"omitted":	false
				}],
			"sum":	{
				"start":	16.000064849853516,
				"end":	18.000060796737671,
				"seconds":	1.9999959468841553,
				"bytes":	64225280,
				"bits_per_second":	256901640.62605509,
				"retransmits":	0,
				"omitted":	false
			}
		}, {
			"streams":	[{
					"socket":	5,
					"start":	18.000060796737671,
					"end":	20.000060796737671,
					"seconds":	2,
					"bytes":	64225280,
					"bits_per_second":	256901120,
					"retransmits":	0,
					"snd_cwnd":	3159536,
					"rtt":	96580,
					"rttvar":	143,
					"pmtu":	1500,
					"omitted":	false
				}],
			"sum":	{
				"start":	18.000060796737671,
				"end":	20.000060796737671,
				"seconds":	2,
				"bytes":	64225280,
				"bits_per_second":	256901120,
				"retransmits":	0,
				"omitted":	false
			}
		}, {
			"streams":	[{
					"socket":	5,
					"start":	20.000060796737671,
					"end":	22.000059843063354,
					"seconds":	1.9999990463256836,
					"bytes":	64225280,
					"bits_per_second":	256901242.50005841,
					"retransmits":	0,
					"snd_cwnd":	3159536,
					"rtt":	94522,
					"rttvar":	144,
					"pmtu":	1500,
					"omitted":	false
				}],
			"sum":	{
				"start":	20.000060796737671,
				"end":	22.000059843063354,
				"seconds":	1.9999990463256836,
				"bytes":	64225280,
				"bits_per_second":	256901242.50005841,
				"retransmits":	0,
				"omitted":	false
			}
		}, {
			"streams":	[{
					"socket":	5,
					"start":	22.000059843063354,
					"end":	24.000062942504883,
					"seconds":	2.0000030994415283,
					"bytes":	65536000,
					"bits_per_second":	262143593.75062957,
					"retransmits":	0,
					"snd_cwnd":	3159536,
					"rtt":	90219,
					"rttvar":	1326,
					"pmtu":	1500,
					"omitted":	false
				}],
			"sum":	{
				"start":	22.000059843063354,
				"end":	24.000062942504883,
				"seconds":	2.0000030994415283,
				"bytes":	65536000,
				"bits_per_second":	262143593.75062957,
				"retransmits":	0,
				"omitted":	false
			}
		}, {
			"streams":	[{
					"socket":	5,
					"start":	24.000062942504883,
					"end":	26.000061988830566,
					"seconds":	1.9999990463256836,
					"bytes":	64225280,
					"bits_per_second":	256901242.50005841,
					"retransmits":	0,
					"snd_cwnd":	3159536,
					"rtt":	95519,
					"rttvar":	1448,
					"pmtu":	1500,
					"omitted":	false
				}],
			"sum":	{
				"start":	24.000062942504883,
				"end":	26.000061988830566,
				"seconds":	1.9999990463256836,
				"bytes":	64225280,