{
	"start":	{
		"connected":	[{
				"socket":	5,
				"local_host":	"192.168.1.1",
				"local_port":	52868,
				"remote_host":	"192.168.4.2",
				"remote_port":	5201
			}],
		"version":	"iperf 3.5",
		"system_info":	"Linux h1 4.18.0-513.5.1.el8_9.x86_64 #1 SMP Fri Nov 17 03:31:10 UTC 2023 x86_64",
		"timestamp":	{
			"time":	"Wed, 24 Jan 2024 17:44:42 GMT",
			"timesecs":	1706118282
		},
		"connecting_to":	{
			"host":	"192.168.4.2",
			"port":	5201
		},
		"cookie":	"3whcxk7vira5ds5ligio3gzwju26u7uciwpp",
		"tcp_mss_default":	1448,
		"sock_bufsize":	0,
		"sndbuf_actual":	16384,
		"rcvbuf_actual":	87380,
		"test_start":	{
			"protocol":	"TCP",
			"num_streams":	1,
			"blksize":	131072,
			"omit":	0,
			"duration":	0,
			"bytes":	1073741824,
			"blocks":	0,
			"reverse":	0,
			"tos":	0
		}
	},
	"intervals":	[{
			"streams":	[{
					"socket":	5,
					"start":	0,
					"end":	2.0000619888305664,
					"seconds":	2.0000619888305664,
					"bytes":	19293616,
					"bits_per_second":	77172072.096749172,
					"retransmits":	0,
					"snd_cwnd":	6290112,
					"rtt":	147576,
					"rttvar":	214,
					"pmtu":	1500,
					"omitted":	false
				}],
			"sum":	{
				"start":	0,
				"end":	2.0000619888305664,
				"seconds":	2.0000619888305664,
				"bytes":	19293616,
				"bits_per_second":	77172072.096749172,
				"retransmits":	0,
				"omitted":	false
			}
		}, {
			"streams":	[{
					"socket":	5,
					"start":	2.0000619888305664,
					"end":	4.0000829696655273,
					"seconds":	2.0000209808349609,
					"bytes":	39321600,
					"bits_per_second":	157284750.017309,
					"retransmits":	0,
					"snd_cwnd":	6290112,
					"rtt":	147329,
					"rttvar":	304,
					"pmtu":	1500,
					"omitted":	false
				}],
			"sum":	{
				"start":	2.0000619888305664,
				"end":	4.0000829696655273,
				"seconds":	2.0000209808349609,
				"bytes":	39321600,
				"bits_per_second":	157284750.017309,
				"retransmits":	0,
				"omitted":	false
			}
		}, {
			"streams":	[{
					"socket":	5,
					"start":	4.0000829696655273,
					"end":	6.0000619888305664,
					"seconds":	1.9999790191650391,
					"bytes":	41943040,
					"bits_per_second":	167773920.01846331,
					"retransmits":	0,
					"snd_cwnd":	6290112,
					"rtt":	147517,
					"rttvar":	223,
					"pmtu":	1500,
					"omitted":	false
				}],
			"sum":	{
				"start":	4.0000829696655273,
				"end":	6.0000619888305664,
				"seconds":	1.9999790191650391,
				"bytes":	41943040,
				"bits_per_second":	167773920.01846331,
				"retransmits":	0,
				"omitted":	false
			}
		}, {
			"streams":	[{
					"socket":	5,
					"start":	6.0000619888305664,
					"end":	8.0000619888305664,
					"seconds":	2,
					"bytes":	40632320,
					"bits_per_second":	162529280,
					"retransmits":	0,
					"snd_cwnd":	6290112,
					"rtt":	148547,
					"rttvar":	151,
					"pmtu":	1500,
					"omitted":	false
				}],
			"sum":	{
				"start":	6.0000619888305664,
				"end":	8.0000619888305664,
				"seconds":	2,
				"bytes":	40632320,
				"bits_per_second":	162529280,
				"retransmits":	0,
				"omitted":	false
			}
		}, {
			"streams":	[{
					"socket":	5,
					"start":	8.0000619888305664,
					"end":	10.000072002410889,
					"seconds":	2.0000100135803223,
					"bytes":	40632320,
					"bits_per_second":	162528466.25407425,
					"retransmits":	0,
					"snd_cwnd":	6290112,
					"rtt":	158332,
					"rttvar":	1388,
					"pmtu":	1500,
					"omitted":	false
				}],
			"sum":	{
				"start":	8.0000619888305664,
				"end":	10.000072002410889,
				"seconds":	2.0000100135803223,
				"bytes":	40632320,
				"bits_per_second":	162528466.25407425,
				"retransmits":	0,
				"omitted":	false
			}
		}, {
			"streams":	[{
					"socket":	5,
					"start":	10.000072002410889,
					"end":	12.00006103515625,
					"seconds":	1.9999890327453613,
					"bytes":	40632320,
					"bits_per_second":	162530171.25488731,
					"retransmits":	0,
					"snd_cwnd":	6290112,
					"rtt":	147666,
					"rttvar":	225,
					"pmtu":	1500,
					"omitted":	false
				}],
			"sum":	{
				"start":	10.000072002410889,
				"end":	12.00006103515625,
				"seconds":	1.9999890327453613,
				"bytes":	40632320,
				"bits_per_second":	162530171.25488731,
				"retransmits":	0,
				"omitted":	false
			}
		}, {
			"streams":	[{
					"socket":	5,
					"start":	12.00006103515625,
					"end":	14.000061988830566,
					"seconds":	2.0000009536743164,
					"bytes":	41943040,
					"bits_per_second":	167772080.00003815,
					"retransmits":	0,
					"snd_cwnd":	6290112,
					"rtt":	147624,
					"rttvar":	223,
					"pmtu":	1500,
					"omitted":	false
				}],
			"sum":	{
				"start":	12.00006103515625,
				"end":	14.000061988830566,
				"seconds":	2.0000009536743164,
				"bytes":	41943040,
				"bits_per_second":	167772080.00003815,
				"retransmits":	0,
				"omitted":	false
			}
		}, {
			"streams":	[{
					"socket":	5,
					"start":	14.000061988830566,
					"end":	16.000061988830566,
					"seconds":	2,
					"bytes":	40632320,
					"bits_per_second":	162529280,
					"retransmits":	0,
					"snd_cwnd":	6290112,
					"rtt":	147313,
					"rttvar":	90,
					"pmtu":	1500,
					"omitted":	false
				}],
			"sum":	{
				"start":	14.000061988830566,
				"end":	16.000061988830566,
				"seconds":	2,
				"bytes":	40632320,
				"bits_per_second":	162529280,
				"retransmits":	0,
				"omitted":	false
			}
		}, {
			"streams":	[{
					"socket":	5,
					"start":	16.000061988830566,
					"end":	18.000061988830566,
					"seconds":	2,
					"bytes":	40632320,
					"bits_per_second":	162529280,
					"retransmits":	0,
					"snd_cwnd":	6290112,
					"rtt":	157895,
					"rttvar":	1556,
					"pmtu":	1500,
					"omitted":	false
				}],
			"sum":	{
				"start":	16.000061988830566,
				"end":	18.000061988830566,
				"seconds":	2,
				"bytes":	40632320,
				"bits_per_second":	162529280,
				"retransmits":	0,
				"omitted":	false
			}
		}, {
			"streams":	[{
					"socket":	5,
					"start":	18.000061988830566,
					"end":	20.000060081481934,
					"seconds":	1.9999980926513672,
					"bytes":	40632320,
					"bits_per_second":	162529435.00014782,
					"retransmits":	0,
					"snd_cwnd":	6290112,
					"rtt":	147691,
					"rttvar":	161,
					"pmtu":	1500,
					"omitted":	false
				}],
			"sum":	{
				"start":	18.000061988830566,
				"end":	20.000060081481934,
				"seconds":	1.9999980926513672,
				"bytes":	40632320,
				"bits_per_second":	162529435.00014782,
				"retransmits":	0,
				"omitted":	false
			}
		}, {
			"streams":	[{
					"socket":	5,
					"start":	20.000060081481934,
					"end":	22.000081062316895,
					"seconds":	2.0000209808349609,
					"bytes":	40632320,
					"bits_per_second":	162527575.01788598,
					"retransmits":	0,
					"snd_cwnd":	6290112,
					"rtt":	147384,
					"rttvar":	183,
					"pmtu":	1500,
					"omitted":	false
				}],
			"sum":	{
				"start":	20.000060081481934,
				"end":	22.000081062316895,
				"seconds":	2.0000209808349609,
				"bytes":	40632320,
				"bits_per_second":	162527575.01788598,
				"retransmits":	0,
				"omitted":	false
			}
		}, {
			"streams":	[{
					"socket":	5,
					"start":	22.000081062316895,
					"end":	24.000061988830566,
					"seconds":	1.9999809265136719,
					"bytes":	41943040,
					"bits_per_second":	167773760.01525894,
					"retransmits":	0,
					"snd_cwnd":	6290112,
					"rtt":	147557,
					"rttvar":	306,
					"pmtu":	1500,
					"omitted":	false
				}],
			"sum":	{
				"start":	22.000081062316895,
				"end":	24.000061988830566,
				"seconds":	1.9999809265136719,
				"bytes":	41943040,
				"bits_per_second":	167773760.01525894,
				"retransmits":	0,
				"omitted":	false
			}
		}, {
			"streams":	[{
					"socket":	5,
					"start":	24.000061988830566,
					"end":	26.000061988830566,
					"seconds":	2,
					"bytes":	40632320,
					"bits_per_second":	162529280,
					"retransmits":	0,
					"snd_cwnd":	6290112,
					"rtt":	148003,
					"rttvar":	463,
					"pmtu":	1500,
					"omitted":	false
				}],
			"sum":	{
				"start":	24.000061988830566,
				"end":	26.000061988830566,
				"seconds":	2,
				"bytes":	40632320,
				"bits_per_second":	162529280,