{
	"start":	{
		"connected":	[{
				"socket":	5,
				"local_host":	"192.168.1.1",
				"local_port":	38876,
				"remote_host":	"192.168.4.2",
				"remote_port":	5201
			}],
		"version":	"iperf 3.5",
		"system_info":	"Linux h1 4.18.0-513.5.1.el8_9.x86_64 #1 SMP Fri Nov 17 03:31:10 UTC 2023 x86_64",
		"timestamp":	{
			"time":	"Wed, 24 Jan 2024 17:36:43 GMT",
			"timesecs":	1706117803
		},
		"connecting_to":	{
			"host":	"192.168.4.2",
			"port":	5201
		},
		"cookie":	"2n5csnp3kounjxwuqtq5jf5iyhugbz5uqybr",
		"tcp_mss_default":	1448,
		"sock_bufsize":	0,
		"sndbuf_actual":	16384,
		"rcvbuf_actual":	87380,
		"test_start":	{
			"protocol":	"TCP",
			"num_streams":	1,
			"blksize":	131072,
			"omit":	0,
			"duration":	0,
			"bytes":	1073741824,
			"blocks":	0,
			"reverse":	0,
			"tos":	0
		}
	},
	"intervals":	[{
			"streams":	[{
					"socket":	5,
					"start":	0,
					"end":	2.0000619888305664,
					"seconds":	2.0000619888305664,
					"bytes":	43151560,
					"bits_per_second":	172600890.33632666,
					"retransmits":	0,
					"snd_cwnd":	3302888,
					"rtt":	99783,
					"rttvar":	150,
					"pmtu":	1500,
					"omitted":	false
				}],
			"sum":	{
				"start":	0,
				"end":	2.0000619888305664,
				"seconds":	2.0000619888305664,
				"bytes":	43151560,
				"bits_per_second":	172600890.33632666,
				"retransmits":	0,
				"omitted":	false
			}
		}, {
			"streams":	[{
					"socket":	5,
					"start":	2.0000619888305664,
					"end":	4.0000650882720947,
					"seconds":	2.0000030994415283,
					"bytes":	65536000,
					"bits_per_second":	262143593.75062957,
					"retransmits":	0,
					"snd_cwnd":	3302888,
					"rtt":	87688,
					"rttvar":	154,
					"pmtu":	1500,
					"omitted":	false
				}],
			"sum":	{
				"start":	2.0000619888305664,
				"end":	4.0000650882720947,
				"seconds":	2.0000030994415283,
				"bytes":	65536000,
				"bits_per_second":	262143593.75062957,
				"retransmits":	0,
				"omitted":	false
			}
		}, {
			"streams":	[{
					"socket":	5,
					"start":	4.0000650882720947,
					"end":	6.0000600814819336,
					"seconds":	1.9999949932098389,
					"bytes":	64225280,
					"bits_per_second":	256901763.12661,
					"retransmits":	0,
					"snd_cwnd":	3302888,
					"rtt":	99055,
					"rttvar":	201,
					"pmtu":	1500,
					"omitted":	false
				}],
			"sum":	{
				"start":	4.0000650882720947,
				"end":	6.0000600814819336,
				"seconds":	1.9999949932098389,
				"bytes":	64225280,
				"bits_per_second":	256901763.12661,
				"retransmits":	0,
				"omitted":	false
			}
		}, {
			"streams":	[{
					"socket":	5,
					"start":	6.0000600814819336,
					"end":	8.0000619888305664,
					"seconds":	2.0000019073486328,
					"bytes":	64225280,
					"bits_per_second":	256900875.00023365,
					"retransmits":	0,
					"snd_cwnd":	3302888,
					"rtt":	93424,
					"rttvar":	1584,
					"pmtu":	1500,
					"omitted":	false
				}],
			"sum":	{
				"start":	6.0000600814819336,
				"end":	8.0000619888305664,
				"seconds":	2.0000019073486328,
				"bytes":	64225280,
				"bits_per_second":	256900875.00023365,
				"retransmits":	0,
				"omitted":	false
			}
		}, {
			"streams":	[{
					"socket":	5,
					"start":	8.0000619888305664,
					"end":	10.000066041946411,
					"seconds":	2.0000040531158447,
					"bytes":	64225280,
					"bits_per_second":	256900599.37605506,
					"retransmits":	0,
					"snd_cwnd":	3302888,
					"rtt":	93693,
					"rttvar":	2115,
					"pmtu":	1500,
					"omitted":	false
				}],
			"sum":	{
				"start":	8.0000619888305664,
				"end":	10.000066041946411,
				"seconds":	2.0000040531158447,
				"bytes":	64225280,
				"bits_per_second":	256900599.37605506,
				"retransmits":	0,
				"omitted":	false
			}
		}, {
			"streams":	[{
					"socket":	5,
					"start":	10.000066041946411,
					"end":	12.000061988830566,
					"seconds":	1.9999959468841553,
					"bytes":	64225280,
					"bits_per_second":	256901640.62605509,
					"retransmits":	0,
					"snd_cwnd":	3302888,
					"rtt":	98028,
					"rttvar":	306,
					"pmtu":	1500,
					"omitted":	false
				}],
			"sum":	{
				"start":	10.000066041946411,
				"end":	12.000061988830566,
				"seconds":	1.9999959468841553,
				"bytes":	64225280,
				"bits_per_second":	256901640.62605509,
				"retransmits":	0,
				"omitted":	false
			}
		}, {
			"streams":	[{
					"socket":	5,
					"start":	12.000061988830566,
					"end":	14.000061988830566,
					"seconds":	2,
					"bytes":	64225280,
					"bits_per_second":	256901120,
					"retransmits":	0,
					"snd_cwnd":	3302888,
					"rtt":	91901,
					"rttvar":	359,
					"pmtu":	1500,
					"omitted":	false
				}],
			"sum":	{
				"start":	12.000061988830566,
				"end":	14.000061988830566,
				"seconds":	2,
				"bytes":	64225280,
				"bits_per_second":	256901120,
				"retransmits":	0,
				"omitted":	false
			}
		}, {
			"streams":	[{
					"socket":	5,
					"start":	14.000061988830566,
					"end":	16.000061988830566,
					"seconds":	2,
					"bytes":	64225280,
					"bits_per_second":	256901120,
					"retransmits":	0,
					"snd_cwnd":	3302888,
					"rtt":	96808,
					"rttvar":	170,
					"pmtu":	1500,
					"omitted":	false
				}],
			"sum":	{
				"start":	14.000061988830566,
				"end":	16.000061988830566,
				"seconds":	2,
				"bytes":	64225280,
				"bits_per_second":	256901120,
				"retransmits":	0,
				"omitted":	false
			}
		}, {
			"streams":	[{
					"socket":	5,
					"start":	16.000061988830566,
					"end":	18.000061988830566,
					"seconds":	2,
					"bytes":	65536000,
					"bits_per_second":	262144000,
					"retransmits":	0,
					"snd_cwnd":	3302888,
					"rtt":	100396,
					"rttvar":	185,
					"pmtu":	1500,
					"omitted":	false
				}],
			"sum":	{
				"start":	16.000061988830566,
				"end":	18.000061988830566,
				"seconds":	2,
				"bytes":	65536000,
				"bits_per_second":	262144000,
				"retransmits":	0,
				"omitted":	false
			}
		}, {
			"streams":	[{
					"socket":	5,
					"start":	18.000061988830566,
					"end":	20.000066041946411,
					"seconds":	2.0000040531158447,
					"bytes":	64225280,
					"bits_per_second":	256900599.37605506,
					"retransmits":	0,
					"snd_cwnd":	3302888,
					"rtt":	89925,
					"rttvar":	319,
					"pmtu":	1500,
					"omitted":	false
				}],
			"sum":	{
				"start":	18.000061988830566,
				"end":	20.000066041946411,
				"seconds":	2.0000040531158447,
				"bytes":	64225280,
				"bits_per_second":	256900599.37605506,
				"retransmits":	0,
				"omitted":	false
			}
		}, {
			"streams":	[{
					"socket":	5,
					"start":	20.000066041946411,
					"end":	22.000061988830566,
					"seconds":	1.9999959468841553,
					"bytes":	64225280,
					"bits_per_second":	256901640.62605509,
					"retransmits":	0,
					"snd_cwnd":	3302888,
					"rtt":	94553,
					"rttvar":	1574,
					"pmtu":	1500,
					"omitted":	false
				}],
			"sum":	{
				"start":	20.000066041946411,
				"end":	22.000061988830566,
				"seconds":	1.9999959468841553,
				"bytes":	64225280,
				"bits_per_second":	256901640.62605509,
				"retransmits":	0,
				"omitted":	false
			}
		}, {
			"streams":	[{
					"socket":	5,
					"start":	22.000061988830566,
					"end":	24.00006103515625,
					"seconds":	1.9999990463256836,
					"bytes":	64225280,
					"bits_per_second":	256901242.50005841,
					"retransmits":	0,
					"snd_cwnd":	3302888,
					"rtt":	92191,
					"rttvar":	1139,
					"pmtu":	1500,
					"omitted":	false
				}],
			"sum":	{
				"start":	22.000061988830566,
				"end":	24.00006103515625,
				"seconds":	1.9999990463256836,
				"bytes":	64225280,
				"bits_per_second":	256901242.50005841,
				"retransmits":	0,
				"omitted":	false
			}
		}, {
			"streams":	[{
					"socket":	5,
					"start":	24.00006103515625,
					"end":	26.000063180923462,
					"seconds":	2.0000021457672119,
					"bytes":	64225280,
					"bits_per_second":	256900844.3752957,
					"retransmits":	0,
					"snd_cwnd":	3302888,
					"rtt":	98072,
					"rttvar":	294,
					"pmtu":	1500,
					"omitted":	false
				}],
			"sum":	{
				"start":	24.00006103515625,
				"end":	26.000063180923462,
				"seconds":	2.0000021457672119,
				"bytes":	64225280,