{
	"start":	{
		"connected":	[{
				"socket":	5,
				"local_host":	"192.168.1.1",
				"local_port":	44604,
				"remote_host":	"192.168.4.2",
				"remote_port":	5201
			}],
		"version":	"iperf 3.5",
		"system_info":	"Linux h1 4.18.0-513.5.1.el8_9.x86_64 #1 SMP Fri Nov 17 03:31:10 UTC 2023 x86_64",
		"timestamp":	{
			"time":	"Tue, 30 Jan 2024 01:50:08 GMT",
			"timesecs":	1706579408
		},
		"connecting_to":	{
			"host":	"192.168.4.2",
			"port":	5201
		},
		"cookie":	"ekzoxhm773wzfie5w525n3varsrv4rftz62r",
		"tcp_mss_default":	1448,
		"sock_bufsize":	0,
		"sndbuf_actual":	16384,
		"rcvbuf_actual":	87380,
		"test_start":	{
			"protocol":	"TCP",
			"num_streams":	1,
			"blksize":	131072,
			"omit":	0,
			"duration":	0,
			"bytes":	1073741824,
			"blocks":	0,
			"reverse":	0,
			"tos":	0
		}
	},
	"intervals":	[{
			"streams":	[{
					"socket":	5,
					"start":	0,
					"end":	2.0001020431518555,
					"seconds":	2.0001020431518555,
					"bytes":	46178720,
					"bits_per_second":	184705456.03655055,
					"retransmits":	0,
					"snd_cwnd":	3395560,
					"rtt":	87322,
					"rttvar":	29,
					"pmtu":	1500,
					"omitted":	false
				}],
			"sum":	{
				"start":	0,
				"end":	2.0001020431518555,
				"seconds":	2.0001020431518555,
				"bytes":	46178720,
				"bits_per_second":	184705456.03655055,
				"retransmits":	0,
				"omitted":	false
			}
		}, {
			"streams":	[{
					"socket":	5,
					"start":	2.0001020431518555,
					"end":	4.0000951290130615,
					"seconds":	1.9999930858612061,
					"bytes":	70778880,
					"bits_per_second":	283116498.75338364,
					"retransmits":	0,
					"snd_cwnd":	3395560,
					"rtt":	87412,
					"rttvar":	127,
					"pmtu":	1500,
					"omitted":	false
				}],
			"sum":	{
				"start":	2.0001020431518555,
				"end":	4.0000951290130615,
				"seconds":	1.9999930858612061,
				"bytes":	70778880,
				"bits_per_second":	283116498.75338364,
				"retransmits":	0,
				"omitted":	false
			}
		}, {
			"streams":	[{
					"socket":	5,
					"start":	4.0000951290130615,
					"end":	6.0000820159912109,
					"seconds":	1.9999868869781494,
					"bytes":	70778880,
					"bits_per_second":	283117376.26217061,
					"retransmits":	0,
					"snd_cwnd":	3395560,
					"rtt":	87482,
					"rttvar":	10,
					"pmtu":	1500,
					"omitted":	false
				}],
			"sum":	{
				"start":	4.0000951290130615,
				"end":	6.0000820159912109,
				"seconds":	1.9999868869781494,
				"bytes":	70778880,
				"bits_per_second":	283117376.26217061,
				"retransmits":	0,
				"omitted":	false
			}
		}, {
			"streams":	[{
					"socket":	5,
					"start":	6.0000820159912109,
					"end":	8.0000619888305664,
					"seconds":	1.9999799728393555,
					"bytes":	60293120,
					"bits_per_second":	241174895.02418303,
					"retransmits":	38,
					"snd_cwnd":	2665768,
					"rtt":	87206,
					"rttvar":	45,
					"pmtu":	1500,
					"omitted":	false
				}],
			"sum":	{
				"start":	6.0000820159912109,
				"end":	8.0000619888305664,
				"seconds":	1.9999799728393555,
				"bytes":	60293120,
				"bits_per_second":	241174895.02418303,
				"retransmits":	38,
				"omitted":	false
			}
		}, {
			"streams":	[{
					"socket":	5,
					"start":	8.0000619888305664,
					"end":	10.000078916549683,
					"seconds":	2.0000169277191162,
					"bytes":	64225280,
					"bits_per_second":	256898945.64340344,
					"retransmits":	0,
					"snd_cwnd":	3000256,
					"rtt":	87415,
					"rttvar":	64,
					"pmtu":	1500,
					"omitted":	false
				}],
			"sum":	{
				"start":	8.0000619888305664,
				"end":	10.000078916549683,
				"seconds":	2.0000169277191162,
				"bytes":	64225280,
				"bits_per_second":	256898945.64340344,
				"retransmits":	0,
				"omitted":	false
			}
		}, {
			"streams":	[{
					"socket":	5,
					"start":	10.000078916549683,
					"end":	12.000060081481934,
					"seconds":	1.999981164932251,
					"bytes":	53739520,
					"bits_per_second":	214960104.39406481,
					"retransmits":	19,
					"snd_cwnd":	2322592,
					"rtt":	87361,
					"rttvar":	58,
					"pmtu":	1500,
					"omitted":	false
				}],
			"sum":	{
				"start":	10.000078916549683,
				"end":	12.000060081481934,
				"seconds":	1.999981164932251,
				"bytes":	53739520,
				"bits_per_second":	214960104.39406481,
				"retransmits":	19,
				"omitted":	false
			}
		}, {
			"streams":	[{
					"socket":	5,
					"start":	12.000060081481934,
					"end":	14.00006103515625,
					"seconds":	2.0000009536743164,
					"bytes":	55050240,
					"bits_per_second":	220200855.00005007,
					"retransmits":	0,
					"snd_cwnd":	2476080,
					"rtt":	87211,
					"rttvar":	22,
					"pmtu":	1500,
					"omitted":	false
				}],
			"sum":	{
				"start":	12.000060081481934,
				"end":	14.00006103515625,
				"seconds":	2.0000009536743164,
				"bytes":	55050240,
				"bits_per_second":	220200855.00005007,
				"retransmits":	0,
				"omitted":	false
			}
		}, {
			"streams":	[{
					"socket":	5,
					"start":	14.00006103515625,
					"end":	16.000060081481934,
					"seconds":	1.9999990463256836,
					"bytes":	57671680,
					"bits_per_second":	230686830.00005245,
					"retransmits":	0,
					"snd_cwnd":	2549928,
					"rtt":	87214,
					"rttvar":	89,
					"pmtu":	1500,
					"omitted":	false
				}],
			"sum":	{
				"start":	14.00006103515625,
				"end":	16.000060081481934,
				"seconds":	1.9999990463256836,
				"bytes":	57671680,
				"bits_per_second":	230686830.00005245,
				"retransmits":	0,
				"omitted":	false
			}
		}, {
			"streams":	[{
					"socket":	5,
					"start":	16.000060081481934,
					"end":	18.00006103515625,
					"seconds":	2.0000009536743164,
					"bytes":	57671680,
					"bits_per_second":	230686610.00005245,
					"retransmits":	0,
					"snd_cwnd":	2575992,
					"rtt":	87095,
					"rttvar":	61,
					"pmtu":	1500,
					"omitted":	false
				}],
			"sum":	{
				"start":	16.000060081481934,
				"end":	18.00006103515625,
				"seconds":	2.0000009536743164,
				"bytes":	57671680,
				"bits_per_second":	230686610.00005245,
				"retransmits":	0,
				"omitted":	false
			}
		}, {
			"streams":	[{
					"socket":	5,
					"start":	18.00006103515625,
					"end":	20.000092029571533,
					"seconds":	2.0000309944152832,
					"bytes":	58982400,
					"bits_per_second":	235925943.8066608,
					"retransmits":	0,
					"snd_cwnd":	2577440,
					"rtt":	87101,
					"rttvar":	46,
					"pmtu":	1500,
					"omitted":	false
				}],
			"sum":	{
				"start":	18.00006103515625,
				"end":	20.000092029571533,
				"seconds":	2.0000309944152832,
				"bytes":	58982400,
				"bits_per_second":	235925943.8066608,
				"retransmits":	0,
				"omitted":	false
			}
		}, {
			"streams":	[{
					"socket":	5,
					"start":	20.000092029571533,
					"end":	22.000086069107056,
					"seconds":	1.9999940395355225,
					"bytes":	57671680,
					"bits_per_second":	230687407.50204891,
					"retransmits":	0,
					"snd_cwnd":	2584680,
					"rtt":	87051,
					"rttvar":	36,
					"pmtu":	1500,
					"omitted":	false
				}],
			"sum":	{
				"start":	20.000092029571533,
				"end":	22.000086069107056,
				"seconds":	1.9999940395355225,
				"bytes":	57671680,
				"bits_per_second":	230687407.50204891,
				"retransmits":	0,
				"omitted":	false
			}
		}, {
			"streams":	[{
					"socket":	5,
					"start":	22.000086069107056,
					"end":	24.00006890296936,
					"seconds":	1.9999828338623047,
					"bytes":	60293120,
					"bits_per_second":	241174550.0177671,
					"retransmits":	0,
					"snd_cwnd":	2625224,
					"rtt":	87033,
					"rttvar":	38,
					"pmtu":	1500,
					"omitted":	false
				}],
			"sum":	{
				"start":	22.000086069107056,
				"end":	24.00006890296936,
				"seconds":	1.9999828338623047,
				"bytes":	60293120,
				"bits_per_second":	241174550.0177671,
				"retransmits":	0,
				"omitted":	false
			}
		}, {
			"streams":	[{
					"socket":	5,
					"start":	24.00006890296936,
					"end":	26.000073909759521,
					"seconds":	2.0000050067901611,
					"bytes":	60293120,
					"bits_per_second":	241171876.25151142,
					"retransmits":	0,
					"snd_cwnd":	2726584,
					"rtt":	87044,
					"rttvar":	60,
					"pmtu":	1500,
					"omitted":	false
				}],