{
	"start":	{
		"connected":	[{
				"socket":	5,
				"local_host":	"192.168.1.1",
				"local_port":	60114,
				"remote_host":	"192.168.4.2",
				"remote_port":	5201
			}],
		"version":	"iperf 3.5",
		"system_info":	"Linux h1 4.18.0-513.5.1.el8_9.x86_64 #1 SMP Fri Nov 17 03:31:10 UTC 2023 x86_64",
		"timestamp":	{
			"time":	"Tue, 30 Jan 2024 03:20:12 GMT",
			"timesecs":	1706584812
		},
		"connecting_to":	{
			"host":	"192.168.4.2",
			"port":	5201
		},
		"cookie":	"l42vlrc4sswg3n6oc75v4fhvwfnymfi7y32e",
		"tcp_mss_default":	1448,
		"sock_bufsize":	0,
		"sndbuf_actual":	16384,
		"rcvbuf_actual":	87380,
		"test_start":	{
			"protocol":	"TCP",
			"num_streams":	1,
			"blksize":	131072,
			"omit":	0,
			"duration":	0,
			"bytes":	1073741824,
			"blocks":	0,
			"reverse":	0,
			"tos":	0
		}
	},
	"intervals":	[{
			"streams":	[{
					"socket":	5,
					"start":	0,
					"end":	2.0000998973846436,
					"seconds":	2.0000998973846436,
					"bytes":	46752128,
					"bits_per_second":	186999171.63591152,
					"retransmits":	0,
					"snd_cwnd":	3366600,
					"rtt":	87256,
					"rttvar":	34,
					"pmtu":	1500,
					"omitted":	false
				}],
			"sum":	{
				"start":	0,
				"end":	2.0000998973846436,
				"seconds":	2.0000998973846436,
				"bytes":	46752128,
				"bits_per_second":	186999171.63591152,
				"retransmits":	0,
				"omitted":	false
			}
		}, {
			"streams":	[{
					"socket":	5,
					"start":	2.0000998973846436,
					"end":	4.0000839233398438,
					"seconds":	1.9999840259552002,
					"bytes":	57671680,
					"bits_per_second":	230688562.51471621,
					"retransmits":	1078,
					"snd_cwnd":	2512280,
					"rtt":	87320,
					"rttvar":	58,
					"pmtu":	1500,
					"omitted":	false
				}],
			"sum":	{
				"start":	2.0000998973846436,
				"end":	4.0000839233398438,
				"seconds":	1.9999840259552002,
				"bytes":	57671680,
				"bits_per_second":	230688562.51471621,
				"retransmits":	1078,
				"omitted":	false
			}
		}, {
			"streams":	[{
					"socket":	5,
					"start":	4.0000839233398438,
					"end":	6.0000789165496826,
					"seconds":	1.9999949932098389,
					"bytes":	61603840,
					"bits_per_second":	246415976.8765443,
					"retransmits":	72,
					"snd_cwnd":	2018512,
					"rtt":	87758,
					"rttvar":	375,
					"pmtu":	1500,
					"omitted":	false
				}],
			"sum":	{
				"start":	4.0000839233398438,
				"end":	6.0000789165496826,
				"seconds":	1.9999949932098389,
				"bytes":	61603840,
				"bits_per_second":	246415976.8765443,
				"retransmits":	72,
				"omitted":	false
			}
		}, {
			"streams":	[{
					"socket":	5,
					"start":	6.0000789165496826,
					"end":	8.0000710487365723,
					"seconds":	1.9999921321868896,
					"bytes":	49807360,
					"bits_per_second":	199230223.7530832,
					"retransmits":	0,
					"snd_cwnd":	2244400,
					"rtt":	87377,
					"rttvar":	59,
					"pmtu":	1500,
					"omitted":	false
				}],
			"sum":	{
				"start":	6.0000789165496826,
				"end":	8.0000710487365723,
				"seconds":	1.9999921321868896,
				"bytes":	49807360,
				"bits_per_second":	199230223.7530832,
				"retransmits":	0,
				"omitted":	false
			}
		}, {
			"streams":	[{
					"socket":	5,
					"start":	8.0000710487365723,
					"end":	10.000073909759521,
					"seconds":	2.0000028610229492,
					"bytes":	52428800,
					"bits_per_second":	209714900.00042915,
					"retransmits":	0,
					"snd_cwnd":	2374720,
					"rtt":	87209,
					"rttvar":	46,
					"pmtu":	1500,
					"omitted":	false
				}],
			"sum":	{
				"start":	8.0000710487365723,
				"end":	10.000073909759521,
				"seconds":	2.0000028610229492,
				"bytes":	52428800,
				"bits_per_second":	209714900.00042915,
				"retransmits":	0,
				"omitted":	false
			}
		}, {
			"streams":	[{
					"socket":	5,
					"start":	10.000073909759521,
					"end":	12.000076055526733,
					"seconds":	2.0000021457672119,
					"bytes":	55050240,
					"bits_per_second":	220200723.75025347,
					"retransmits":	0,
					"snd_cwnd":	2434088,
					"rtt":	87109,
					"rttvar":	91,
					"pmtu":	1500,
					"omitted":	false
				}],
			"sum":	{
				"start":	10.000073909759521,
				"end":	12.000076055526733,
				"seconds":	2.0000021457672119,
				"bytes":	55050240,
				"bits_per_second":	220200723.75025347,
				"retransmits":	0,
				"omitted":	false
			}
		}, {
			"streams":	[{
					"socket":	5,
					"start":	12.000076055526733,
					"end":	14.000070095062256,
					"seconds":	1.9999940395355225,
					"bytes":	56360960,
					"bits_per_second":	225444511.87700236,
					"retransmits":	0,
					"snd_cwnd":	2451464,
					"rtt":	87095,
					"rttvar":	39,
					"pmtu":	1500,
					"omitted":	false
				}],
			"sum":	{
				"start":	12.000076055526733,
				"end":	14.000070095062256,
				"seconds":	1.9999940395355225,
				"bytes":	56360960,
				"bits_per_second":	225444511.87700236,
				"retransmits":	0,
				"omitted":	false
			}
		}, {
			"streams":	[{
					"socket":	5,
					"start":	14.000070095062256,
					"end":	16.00006890296936,
					"seconds":	1.9999988079071045,
					"bytes":	56360960,
					"bits_per_second":	225443974.37508011,
					"retransmits":	0,
					"snd_cwnd":	2451464,
					"rtt":	87167,
					"rttvar":	80,
					"pmtu":	1500,
					"omitted":	false
				}],
			"sum":	{
				"start":	14.000070095062256,
				"end":	16.00006890296936,
				"seconds":	1.9999988079071045,
				"bytes":	56360960,
				"bits_per_second":	225443974.37508011,
				"retransmits":	0,
				"omitted":	false
			}
		}, {
			"streams":	[{
					"socket":	5,
					"start":	16.00006890296936,
					"end":	18.00007700920105,
					"seconds":	2.0000081062316895,
					"bytes":	56360960,
					"bits_per_second":	225442926.2537035,
					"retransmits":	0,
					"snd_cwnd":	2465944,
					"rtt":	87192,
					"rttvar":	51,
					"pmtu":	1500,
					"omitted":	false
				}],
			"sum":	{
				"start":	16.00006890296936,
				"end":	18.00007700920105,
				"seconds":	2.0000081062316895,
				"bytes":	56360960,
				"bits_per_second":	225442926.2537035,
				"retransmits":	0,
				"omitted":	false
			}
		}, {
			"streams":	[{
					"socket":	5,
					"start":	18.00007700920105,
					"end":	20.000062942504883,
					"seconds":	1.999985933303833,
					"bytes":	56360960,
					"bits_per_second":	225445425.63615233,
					"retransmits":	0,
					"snd_cwnd":	2519520,
					"rtt":	87083,
					"rttvar":	65,
					"pmtu":	1500,
					"omitted":	false
				}],
			"sum":	{
				"start":	18.00007700920105,
				"end":	20.000062942504883,
				"seconds":	1.999985933303833,
				"bytes":	56360960,
				"bits_per_second":	225445425.63615233,
				"retransmits":	0,
				"omitted":	false
			}
		}, {
			"streams":	[{
					"socket":	5,
					"start":	20.000062942504883,
					"end":	22.000060081481934,
					"seconds":	1.9999971389770508,
					"bytes":	58982400,
					"bits_per_second":	235929937.5004828,
					"retransmits":	0,
					"snd_cwnd":	2642600,
					"rtt":	87118,
					"rttvar":	52,
					"pmtu":	1500,
					"omitted":	false
				}],
			"sum":	{
				"start":	20.000062942504883,
				"end":	22.000060081481934,
				"seconds":	1.9999971389770508,
				"bytes":	58982400,
				"bits_per_second":	235929937.5004828,
				"retransmits":	0,
				"omitted":	false
			}
		}, {
			"streams":	[{
					"socket":	5,
					"start":	22.000060081481934,
					"end":	24.000061988830566,
					"seconds":	2.0000019073486328,
					"bytes":	61603840,
					"bits_per_second":	246415125.00022411,
					"retransmits":	0,
					"snd_cwnd":	2859800,
					"rtt":	87092,
					"rttvar":	76,
					"pmtu":	1500,
					"omitted":	false
				}],
			"sum":	{
				"start":	22.000060081481934,
				"end":	24.000061988830566,
				"seconds":	2.0000019073486328,
				"bytes":	61603840,
				"bits_per_second":	246415125.00022411,
				"retransmits":	0,
				"omitted":	false
			}
		}, {
			"streams":	[{
					"socket":	5,
					"start":	24.000061988830566,
					"end":	26.000072956085205,
					"seconds":	2.0000109672546387,
					"bytes":	68157440,
					"bits_per_second":	272628265.00819796,
					"retransmits":	0,
					"snd_cwnd":	3146504,
					"rtt":	87249,
					"rttvar":	105,
					"pmtu":	1500,
					"omitted":	false
				}],