{
	"start":	{
		"connected":	[{
				"socket":	5,
				"local_host":	"192.168.1.1",
				"local_port":	49668,
				"remote_host":	"192.168.4.2",
				"remote_port":	5201
			}],
		"version":	"iperf 3.5",
		"system_info":	"Linux h1 4.18.0-513.5.1.el8_9.x86_64 #1 SMP Fri Nov 17 03:31:10 UTC 2023 x86_64",
		"timestamp":	{
			"time":	"Tue, 30 Jan 2024 02:59:32 GMT",
			"timesecs":	1706583572
		},
		"connecting_to":	{
			"host":	"192.168.4.2",
			"port":	5201
		},
		"cookie":	"6wxsm7mhrbfo44mqxmezcld656uatf44rqg4",
		"tcp_mss_default":	1448,
		"sock_bufsize":	0,
		"sndbuf_actual":	16384,
		"rcvbuf_actual":	87380,
		"test_start":	{
			"protocol":	"TCP",
			"num_streams":	1,
			"blksize":	131072,
			"omit":	0,
			"duration":	0,
			"bytes":	1073741824,
			"blocks":	0,
			"reverse":	0,
			"tos":	0
		}
	},
	"intervals":	[{
			"streams":	[{
					"socket":	5,
					"start":	0,
					"end":	2.0000569820404053,
					"seconds":	2.0000569820404053,
					"bytes":	46520448,
					"bits_per_second":	186076490.4909502,
					"retransmits":	0,
					"snd_cwnd":	9274440,
					"rtt":	87247,
					"rttvar":	112,
					"pmtu":	1500,
					"omitted":	false
				}],
			"sum":	{
				"start":	0,
				"end":	2.0000569820404053,
				"seconds":	2.0000569820404053,
				"bytes":	46520448,
				"bits_per_second":	186076490.4909502,
				"retransmits":	0,
				"omitted":	false
			}
		}, {
			"streams":	[{
					"socket":	5,
					"start":	2.0000569820404053,
					"end":	4.0000660419464111,
					"seconds":	2.0000090599060059,
					"bytes":	69468160,
					"bits_per_second":	277871381.25570208,
					"retransmits":	0,
					"snd_cwnd":	9274440,
					"rtt":	87717,
					"rttvar":	928,
					"pmtu":	1500,
					"omitted":	false
				}],
			"sum":	{
				"start":	2.0000569820404053,
				"end":	4.0000660419464111,
				"seconds":	2.0000090599060059,
				"bytes":	69468160,
				"bits_per_second":	277871381.25570208,
				"retransmits":	0,
				"omitted":	false
			}
		}, {
			"streams":	[{
					"socket":	5,
					"start":	4.0000660419464111,
					"end":	6.0000748634338379,
					"seconds":	2.0000088214874268,
					"bytes":	69468160,
					"bits_per_second":	277871414.3804059,
					"retransmits":	0,
					"snd_cwnd":	9274440,
					"rtt":	87632,
					"rttvar":	152,
					"pmtu":	1500,
					"omitted":	false
				}],
			"sum":	{
				"start":	4.0000660419464111,
				"end":	6.0000748634338379,
				"seconds":	2.0000088214874268,
				"bytes":	69468160,
				"bits_per_second":	277871414.3804059,
				"retransmits":	0,
				"omitted":	false
			}
		}, {
			"streams":	[{
					"socket":	5,
					"start":	6.0000748634338379,
					"end":	8.0000710487365723,
					"seconds":	1.9999961853027344,
					"bytes":	69468160,
					"bits_per_second":	277873170.00101089,
					"retransmits":	0,
					"snd_cwnd":	9274440,
					"rtt":	87129,
					"rttvar":	81,
					"pmtu":	1500,
					"omitted":	false
				}],
			"sum":	{
				"start":	6.0000748634338379,
				"end":	8.0000710487365723,
				"seconds":	1.9999961853027344,
				"bytes":	69468160,
				"bits_per_second":	277873170.00101089,
				"retransmits":	0,
				"omitted":	false
			}
		}, {
			"streams":	[{
					"socket":	5,
					"start":	8.0000710487365723,
					"end":	10.000071048736572,
					"seconds":	2,
					"bytes":	69468160,
					"bits_per_second":	277872640,
					"retransmits":	0,
					"snd_cwnd":	9274440,
					"rtt":	87286,
					"rttvar":	112,
					"pmtu":	1500,
					"omitted":	false
				}],
			"sum":	{
				"start":	8.0000710487365723,
				"end":	10.000071048736572,
				"seconds":	2,
				"bytes":	69468160,
				"bits_per_second":	277872640,
				"retransmits":	0,
				"omitted":	false
			}
		}, {
			"streams":	[{
					"socket":	5,
					"start":	10.000071048736572,
					"end":	12.000069856643677,
					"seconds":	1.9999988079071045,
					"bytes":	69468160,
					"bits_per_second":	277872805.62509871,
					"retransmits":	0,
					"snd_cwnd":	9274440,
					"rtt":	87175,
					"rttvar":	58,
					"pmtu":	1500,
					"omitted":	false
				}],
			"sum":	{
				"start":	10.000071048736572,
				"end":	12.000069856643677,
				"seconds":	1.9999988079071045,
				"bytes":	69468160,
				"bits_per_second":	277872805.62509871,
				"retransmits":	0,
				"omitted":	false
			}
		}, {
			"streams":	[{
					"socket":	5,
					"start":	12.000069856643677,
					"end":	14.000062942504883,
					"seconds":	1.9999930858612061,
					"bytes":	69468160,
					"bits_per_second":	277873600.62832093,
					"retransmits":	0,
					"snd_cwnd":	9274440,
					"rtt":	88838,
					"rttvar":	106,
					"pmtu":	1500,
					"omitted":	false
				}],
			"sum":	{
				"start":	12.000069856643677,
				"end":	14.000062942504883,
				"seconds":	1.9999930858612061,
				"bytes":	69468160,
				"bits_per_second":	277873600.62832093,
				"retransmits":	0,
				"omitted":	false
			}
		}, {
			"streams":	[{
					"socket":	5,
					"start":	14.000062942504883,
					"end":	16.000077962875366,
					"seconds":	2.0000150203704834,
					"bytes":	70778880,
					"bits_per_second":	283113393.76596838,
					"retransmits":	0,
					"snd_cwnd":	9274440,
					"rtt":	87061,
					"rttvar":	46,
					"pmtu":	1500,
					"omitted":	false
				}],
			"sum":	{
				"start":	14.000062942504883,
				"end":	16.000077962875366,
				"seconds":	2.0000150203704834,
				"bytes":	70778880,
				"bits_per_second":	283113393.76596838,
				"retransmits":	0,
				"omitted":	false
			}
		}, {
			"streams":	[{
					"socket":	5,
					"start":	16.000077962875366,
					"end":	18.000062942504883,
					"seconds":	1.9999849796295166,
					"bytes":	69468160,
					"bits_per_second":	277874726.89067292,
					"retransmits":	0,
					"snd_cwnd":	9274440,
					"rtt":	87089,
					"rttvar":	90,
					"pmtu":	1500,
					"omitted":	false
				}],
			"sum":	{
				"start":	16.000077962875366,
				"end":	18.000062942504883,
				"seconds":	1.9999849796295166,
				"bytes":	69468160,
				"bits_per_second":	277874726.89067292,
				"retransmits":	0,
				"omitted":	false
			}
		}, {
			"streams":	[{
					"socket":	5,
					"start":	18.000062942504883,
					"end":	20.000071048736572,
					"seconds":	2.0000081062316895,
					"bytes":	69468160,
					"bits_per_second":	277871513.75456482,
					"retransmits":	0,
					"snd_cwnd":	9274440,
					"rtt":	87715,
					"rttvar":	1096,
					"pmtu":	1500,
					"omitted":	false
				}],
			"sum":	{
				"start":	18.000062942504883,
				"end":	20.000071048736572,
				"seconds":	2.0000081062316895,
				"bytes":	69468160,
				"bits_per_second":	277871513.75456482,
				"retransmits":	0,
				"omitted":	false
			}
		}, {
			"streams":	[{
					"socket":	5,
					"start":	20.000071048736572,
					"end":	22.000057935714722,
					"seconds":	1.9999868869781494,
					"bytes":	69468160,
					"bits_per_second":	277874461.88694525,
					"retransmits":	0,
					"snd_cwnd":	9274440,
					"rtt":	87081,
					"rttvar":	84,
					"pmtu":	1500,
					"omitted":	false
				}],
			"sum":	{
				"start":	20.000071048736572,
				"end":	22.000057935714722,
				"seconds":	1.9999868869781494,
				"bytes":	69468160,
				"bits_per_second":	277874461.88694525,
				"retransmits":	0,
				"omitted":	false
			}
		}, {
			"streams":	[{
					"socket":	5,
					"start":	22.000057935714722,
					"end":	24.000330924987793,
					"seconds":	2.0002729892730713,
					"bytes":	58982400,
					"bits_per_second":	235897401.26995397,
					"retransmits":	0,
					"snd_cwnd":	9277336,
					"rtt":	87602,
					"rttvar":	535,
					"pmtu":	1500,
					"omitted":	false
				}],
			"sum":	{
				"start":	22.000057935714722,
				"end":	24.000330924987793,
				"seconds":	2.0002729892730713,
				"bytes":	58982400,
				"bits_per_second":	235897401.26995397,
				"retransmits":	0,
				"omitted":	false
			}
		}, {
			"streams":	[{
					"socket":	5,
					"start":	24.000330924987793,
					"end":	26.000059843063354,
					"seconds":	1.9997289180755615,
					"bytes":	68157440,
					"bits_per_second":	272666717.50925636,
					"retransmits":	0,
					"snd_cwnd":	9277336,
					"rtt":	87080,
					"rttvar":	88,
					"pmtu":	1500,
					"omitted":	false
				}],
			"sum":	{
				"start":	24.000330924987793,