{
	"start":	{
		"connected":	[{
				"socket":	5,
				"local_host":	"192.168.1.1",
				"local_port":	59188,
				"remote_host":	"192.168.4.2",
				"remote_port":	5201
			}],
		"version":	"iperf 3.5",
		"system_info":	"Linux h1 4.18.0-513.5.1.el8_9.x86_64 #1 SMP Fri Nov 17 03:31:10 UTC 2023 x86_64",
		"timestamp":	{
			"time":	"Tue, 30 Jan 2024 02:35:51 GMT",
			"timesecs":	1706582151
		},
		"connecting_to":	{
			"host":	"192.168.4.2",
			"port":	5201
		},
		"cookie":	"daqq355e5fyc74wczbis6kzg7wsvxpbcpi4h",
		"tcp_mss_default":	1448,
		"sock_bufsize":	0,
		"sndbuf_actual":	16384,
		"rcvbuf_actual":	87380,
		"test_start":	{
			"protocol":	"TCP",
			"num_streams":	1,
			"blksize":	131072,
			"omit":	0,
			"duration":	0,
			"bytes":	1073741824,
			"blocks":	0,
			"reverse":	0,
			"tos":	0
		}
	},
	"intervals":	[{
			"streams":	[{
					"socket":	5,
					"start":	0,
					"end":	2.0001010894775391,
					"seconds":	2.0001010894775391,
					"bytes":	46365512,
					"bits_per_second":	185452674.34302121,
					"retransmits":	0,
					"snd_cwnd":	3352120,
					"rtt":	87364,
					"rttvar":	70,
					"pmtu":	1500,
					"omitted":	false
				}],
			"sum":	{
				"start":	0,
				"end":	2.0001010894775391,
				"seconds":	2.0001010894775391,
				"bytes":	46365512,
				"bits_per_second":	185452674.34302121,
				"retransmits":	0,
				"omitted":	false
			}
		}, {
			"streams":	[{
					"socket":	5,
					"start":	2.0001010894775391,
					"end":	4.0000879764556885,
					"seconds":	1.9999868869781494,
					"bytes":	70778880,
					"bits_per_second":	283117376.26217061,
					"retransmits":	0,
					"snd_cwnd":	3352120,
					"rtt":	87295,
					"rttvar":	130,
					"pmtu":	1500,
					"omitted":	false
				}],
			"sum":	{
				"start":	2.0001010894775391,
				"end":	4.0000879764556885,
				"seconds":	1.9999868869781494,
				"bytes":	70778880,
				"bits_per_second":	283117376.26217061,
				"retransmits":	0,
				"omitted":	false
			}
		}, {
			"streams":	[{
					"socket":	5,
					"start":	4.0000879764556885,
					"end":	6.0000731945037842,
					"seconds":	1.9999852180480957,
					"bytes":	70778880,
					"bits_per_second":	283117612.51546574,
					"retransmits":	0,
					"snd_cwnd":	3352120,
					"rtt":	87334,
					"rttvar":	117,
					"pmtu":	1500,
					"omitted":	false
				}],
			"sum":	{
				"start":	4.0000879764556885,
				"end":	6.0000731945037842,
				"seconds":	1.9999852180480957,
				"bytes":	70778880,
				"bits_per_second":	283117612.51546574,
				"retransmits":	0,
				"omitted":	false
			}
		}, {
			"streams":	[{
					"socket":	5,
					"start":	6.0000731945037842,
					"end":	8.0000779628753662,
					"seconds":	2.000004768371582,
					"bytes":	69468160,
					"bits_per_second":	277871977.50157952,
					"retransmits":	0,
					"snd_cwnd":	3352120,
					"rtt":	87351,
					"rttvar":	127,
					"pmtu":	1500,
					"omitted":	false
				}],
			"sum":	{
				"start":	6.0000731945037842,
				"end":	8.0000779628753662,
				"seconds":	2.000004768371582,
				"bytes":	69468160,
				"bits_per_second":	277871977.50157952,
				"retransmits":	0,
				"omitted":	false
			}
		}, {
			"streams":	[{
					"socket":	5,
					"start":	8.0000779628753662,
					"end":	10.000066995620728,
					"seconds":	1.9999890327453613,
					"bytes":	70778880,
					"bits_per_second":	283117072.50851339,
					"retransmits":	0,
					"snd_cwnd":	3352120,
					"rtt":	87328,
					"rttvar":	74,
					"pmtu":	1500,
					"omitted":	false
				}],
			"sum":	{
				"start":	8.0000779628753662,
				"end":	10.000066995620728,
				"seconds":	1.9999890327453613,
				"bytes":	70778880,
				"bits_per_second":	283117072.50851339,
				"retransmits":	0,
				"omitted":	false
			}
		}, {
			"streams":	[{
					"socket":	5,
					"start":	10.000066995620728,
					"end":	12.000061988830566,
					"seconds":	1.9999949932098389,
					"bytes":	70778880,
					"bits_per_second":	283116228.75177431,
					"retransmits":	0,
					"snd_cwnd":	3352120,
					"rtt":	87276,
					"rttvar":	51,
					"pmtu":	1500,
					"omitted":	false
				}],
			"sum":	{
				"start":	10.000066995620728,
				"end":	12.000061988830566,
				"seconds":	1.9999949932098389,
				"bytes":	70778880,
				"bits_per_second":	283116228.75177431,
				"retransmits":	0,
				"omitted":	false
			}
		}, {
			"streams":	[{
					"socket":	5,
					"start":	12.000061988830566,
					"end":	14.000065088272095,
					"seconds":	2.0000030994415283,
					"bytes":	69468160,
					"bits_per_second":	277872209.37566733,
					"retransmits":	0,
					"snd_cwnd":	3352120,
					"rtt":	87328,
					"rttvar":	57,
					"pmtu":	1500,
					"omitted":	false
				}],
			"sum":	{
				"start":	12.000061988830566,
				"end":	14.000065088272095,
				"seconds":	2.0000030994415283,
				"bytes":	69468160,
				"bits_per_second":	277872209.37566733,
				"retransmits":	0,
				"omitted":	false
			}
		}, {
			"streams":	[{
					"socket":	5,
					"start":	14.000065088272095,
					"end":	16.000077962875366,
					"seconds":	2.0000128746032715,
					"bytes":	69468160,
					"bits_per_second":	277870851.26151466,
					"retransmits":	0,
					"snd_cwnd":	3352120,
					"rtt":	87236,
					"rttvar":	103,
					"pmtu":	1500,
					"omitted":	false
				}],
			"sum":	{
				"start":	14.000065088272095,
				"end":	16.000077962875366,
				"seconds":	2.0000128746032715,
				"bytes":	69468160,
				"bits_per_second":	277870851.26151466,
				"retransmits":	0,
				"omitted":	false
			}
		}, {
			"streams":	[{
					"socket":	5,
					"start":	16.000077962875366,
					"end":	18.000097990036011,
					"seconds":	2.0000200271606445,
					"bytes":	68157440,
					"bits_per_second":	272627030.02733678,
					"retransmits":	0,
					"snd_cwnd":	3352120,
					"rtt":	87447,
					"rttvar":	171,
					"pmtu":	1500,
					"omitted":	false
				}],
			"sum":	{
				"start":	16.000077962875366,
				"end":	18.000097990036011,
				"seconds":	2.0000200271606445,
				"bytes":	68157440,
				"bits_per_second":	272627030.02733678,
				"retransmits":	0,
				"omitted":	false
			}
		}, {
			"streams":	[{
					"socket":	5,
					"start":	18.000097990036011,
					"end":	20.000087022781372,
					"seconds":	1.9999890327453613,
					"bytes":	70778880,
					"bits_per_second":	283117072.50851339,
					"retransmits":	0,
					"snd_cwnd":	3352120,
					"rtt":	87334,
					"rttvar":	171,
					"pmtu":	1500,
					"omitted":	false
				}],
			"sum":	{
				"start":	18.000097990036011,
				"end":	20.000087022781372,
				"seconds":	1.9999890327453613,
				"bytes":	70778880,
				"bits_per_second":	283117072.50851339,
				"retransmits":	0,
				"omitted":	false
			}
		}, {
			"streams":	[{
					"socket":	5,
					"start":	20.000087022781372,
					"end":	22.000069141387939,
					"seconds":	1.9999821186065674,
					"bytes":	70778880,
					"bits_per_second":	283118051.27263135,
					"retransmits":	0,
					"snd_cwnd":	3352120,
					"rtt":	87338,
					"rttvar":	61,
					"pmtu":	1500,
					"omitted":	false
				}],
			"sum":	{
				"start":	20.000087022781372,
				"end":	22.000069141387939,
				"seconds":	1.9999821186065674,
				"bytes":	70778880,
				"bits_per_second":	283118051.27263135,
				"retransmits":	0,
				"omitted":	false
			}
		}, {
			"streams":	[{
					"socket":	5,
					"start":	22.000069141387939,
					"end":	24.000068187713623,
					"seconds":	1.9999990463256836,
					"bytes":	69468160,
					"bits_per_second":	277872772.50006318,
					"retransmits":	0,
					"snd_cwnd":	3352120,
					"rtt":	87313,
					"rttvar":	92,
					"pmtu":	1500,
					"omitted":	false
				}],
			"sum":	{
				"start":	22.000069141387939,
				"end":	24.000068187713623,
				"seconds":	1.9999990463256836,
				"bytes":	69468160,
				"bits_per_second":	277872772.50006318,
				"retransmits":	0,
				"omitted":	false
			}
		}, {
			"streams":	[{
					"socket":	5,
					"start":	24.000068187713623,
					"end":	26.00007700920105,
					"seconds":	2.0000088214874268,
					"bytes":	70778880,
					"bits_per_second":	283114271.25550789,
					"retransmits":	0,
					"snd_cwnd":	3352120,
					"rtt":	87395,
					"rttvar":	35,
					"pmtu":	1500,