{
	"start":	{
		"connected":	[{
				"socket":	5,
				"local_host":	"192.168.1.1",
				"local_port":	46684,
				"remote_host":	"192.168.4.2",
				"remote_port":	5201
			}],
		"version":	"iperf 3.5",
		"system_info":	"Linux h1 4.18.0-513.5.1.el8_9.x86_64 #1 SMP Fri Nov 17 03:31:10 UTC 2023 x86_64",
		"timestamp":	{
			"time":	"Tue, 30 Jan 2024 04:06:57 GMT",
			"timesecs":	1706587617
		},
		"connecting_to":	{
			"host":	"192.168.4.2",
			"port":	5201
		},
		"cookie":	"dtccwtyuxxu6xcjd362vbvkiph3iv64jjvnv",
		"tcp_mss_default":	1448,
		"sock_bufsize":	0,
		"sndbuf_actual":	16384,
		"rcvbuf_actual":	87380,
		"test_start":	{
			"protocol":	"TCP",
			"num_streams":	1,
			"blksize":	131072,
			"omit":	0,
			"duration":	0,
			"bytes":	1073741824,
			"blocks":	0,
			"reverse":	0,
			"tos":	0
		}
	},
	"intervals":	[{
			"streams":	[{
					"socket":	5,
					"start":	0,
					"end":	2.0000958442687988,
					"seconds":	2.0000958442687988,
					"bytes":	45593448,
					"bits_per_second":	182365052.67743585,
					"retransmits":	0,
					"snd_cwnd":	3408592,
					"rtt":	87504,
					"rttvar":	121,
					"pmtu":	1500,
					"omitted":	false
				}],
			"sum":	{
				"start":	0,
				"end":	2.0000958442687988,
				"seconds":	2.0000958442687988,
				"bytes":	45593448,
				"bits_per_second":	182365052.67743585,
				"retransmits":	0,
				"omitted":	false
			}
		}, {
			"streams":	[{
					"socket":	5,
					"start":	2.0000958442687988,
					"end":	4.0000748634338379,
					"seconds":	1.9999790191650391,
					"bytes":	70778880,
					"bits_per_second":	283118490.03115684,
					"retransmits":	0,
					"snd_cwnd":	3408592,
					"rtt":	87719,
					"rttvar":	77,
					"pmtu":	1500,
					"omitted":	false
				}],
			"sum":	{
				"start":	2.0000958442687988,
				"end":	4.0000748634338379,
				"seconds":	1.9999790191650391,
				"bytes":	70778880,
				"bits_per_second":	283118490.03115684,
				"retransmits":	0,
				"omitted":	false
			}
		}, {
			"streams":	[{
					"socket":	5,
					"start":	4.0000748634338379,
					"end":	6.000065803527832,
					"seconds":	1.9999909400939941,
					"bytes":	70778880,
					"bits_per_second":	283116802.50580966,
					"retransmits":	0,
					"snd_cwnd":	3408592,
					"rtt":	87549,
					"rttvar":	45,
					"pmtu":	1500,
					"omitted":	false
				}],
			"sum":	{
				"start":	4.0000748634338379,
				"end":	6.000065803527832,
				"seconds":	1.9999909400939941,
				"bytes":	70778880,
				"bits_per_second":	283116802.50580966,
				"retransmits":	0,
				"omitted":	false
			}
		}, {
			"streams":	[{
					"socket":	5,
					"start":	6.000065803527832,
					"end":	8.0000708103179932,
					"seconds":	2.0000050067901611,
					"bytes":	69468160,
					"bits_per_second":	277871944.37674141,
					"retransmits":	0,
					"snd_cwnd":	3408592,
					"rtt":	87310,
					"rttvar":	98,
					"pmtu":	1500,
					"omitted":	false
				}],
			"sum":	{
				"start":	6.000065803527832,
				"end":	8.0000708103179932,
				"seconds":	2.0000050067901611,
				"bytes":	69468160,
				"bits_per_second":	277871944.37674141,
				"retransmits":	0,
				"omitted":	false
			}
		}, {
			"streams":	[{
					"socket":	5,
					"start":	8.0000708103179932,
					"end":	10.000065803527832,
					"seconds":	1.9999949932098389,
					"bytes":	70778880,
					"bits_per_second":	283116228.75177431,
					"retransmits":	0,
					"snd_cwnd":	3408592,
					"rtt":	92888,
					"rttvar":	138,
					"pmtu":	1500,
					"omitted":	false
				}],
			"sum":	{
				"start":	8.0000708103179932,
				"end":	10.000065803527832,
				"seconds":	1.9999949932098389,
				"bytes":	70778880,
				"bits_per_second":	283116228.75177431,
				"retransmits":	0,
				"omitted":	false
			}
		}, {
			"streams":	[{
					"socket":	5,
					"start":	10.000065803527832,
					"end":	12.000062942504883,
					"seconds":	1.9999971389770508,
					"bytes":	69468160,
					"bits_per_second":	277873037.50056863,
					"retransmits":	0,
					"snd_cwnd":	3408592,
					"rtt":	87205,
					"rttvar":	16,
					"pmtu":	1500,
					"omitted":	false
				}],
			"sum":	{
				"start":	10.000065803527832,
				"end":	12.000062942504883,
				"seconds":	1.9999971389770508,
				"bytes":	69468160,
				"bits_per_second":	277873037.50056863,
				"retransmits":	0,
				"omitted":	false
			}
		}, {
			"streams":	[{
					"socket":	5,
					"start":	12.000062942504883,
					"end":	14.000079870223999,
					"seconds":	2.0000169277191162,
					"bytes":	68157440,
					"bits_per_second":	272627452.51953018,
					"retransmits":	0,
					"snd_cwnd":	3408592,
					"rtt":	87204,
					"rttvar":	127,
					"pmtu":	1500,
					"omitted":	false
				}],
			"sum":	{
				"start":	12.000062942504883,
				"end":	14.000079870223999,
				"seconds":	2.0000169277191162,
				"bytes":	68157440,
				"bits_per_second":	272627452.51953018,
				"retransmits":	0,
				"omitted":	false
			}
		}, {
			"streams":	[{
					"socket":	5,
					"start":	14.000079870223999,
					"end":	16.000072002410889,
					"seconds":	1.9999921321868896,
					"bytes":	70778880,
					"bits_per_second":	283116633.75438142,
					"retransmits":	0,
					"snd_cwnd":	3408592,
					"rtt":	87306,
					"rttvar":	102,
					"pmtu":	1500,
					"omitted":	false
				}],
			"sum":	{
				"start":	14.000079870223999,
				"end":	16.000072002410889,
				"seconds":	1.9999921321868896,
				"bytes":	70778880,
				"bits_per_second":	283116633.75438142,
				"retransmits":	0,
				"omitted":	false
			}
		}, {
			"streams":	[{
					"socket":	5,
					"start":	16.000072002410889,
					"end":	18.0000638961792,
					"seconds":	1.9999918937683105,
					"bytes":	69468160,
					"bits_per_second":	277873766.25456482,
					"retransmits":	0,
					"snd_cwnd":	3408592,
					"rtt":	87314,
					"rttvar":	110,
					"pmtu":	1500,
					"omitted":	false
				}],
			"sum":	{
				"start":	16.000072002410889,
				"end":	18.0000638961792,
				"seconds":	1.9999918937683105,
				"bytes":	69468160,
				"bits_per_second":	277873766.25456482,
				"retransmits":	0,
				"omitted":	false
			}
		}, {
			"streams":	[{
					"socket":	5,
					"start":	18.0000638961792,
					"end":	20.000074863433838,
					"seconds":	2.0000109672546387,
					"bytes":	70778880,
					"bits_per_second":	283113967.50851327,
					"retransmits":	0,
					"snd_cwnd":	3408592,
					"rtt":	92152,
					"rttvar":	555,
					"pmtu":	1500,
					"omitted":	false
				}],
			"sum":	{
				"start":	18.0000638961792,
				"end":	20.000074863433838,
				"seconds":	2.0000109672546387,
				"bytes":	70778880,
				"bits_per_second":	283113967.50851327,
				"retransmits":	0,
				"omitted":	false
			}
		}, {
			"streams":	[{
					"socket":	5,
					"start":	20.000074863433838,
					"end":	22.000026941299438,
					"seconds":	1.9999520778656006,
					"bytes":	70778880,
					"bits_per_second":	283122303.91254979,
					"retransmits":	0,
					"snd_cwnd":	3408592,
					"rtt":	87293,
					"rttvar":	65,
					"pmtu":	1500,
					"omitted":	false
				}],
			"sum":	{
				"start":	20.000074863433838,
				"end":	22.000026941299438,
				"seconds":	1.9999520778656006,
				"bytes":	70778880,
				"bits_per_second":	283122303.91254979,
				"retransmits":	0,
				"omitted":	false
			}
		}, {
			"streams":	[{
					"socket":	5,
					"start":	22.000026941299438,
					"end":	24.00009298324585,
					"seconds":	2.0000660419464111,
					"bytes":	66846720,
					"bits_per_second":	267378050.91654491,
					"retransmits":	0,
					"snd_cwnd":	3408592,
					"rtt":	87238,
					"rttvar":	84,
					"pmtu":	1500,
					"omitted":	false
				}],
			"sum":	{
				"start":	22.000026941299438,
				"end":	24.00009298324585,
				"seconds":	2.0000660419464111,
				"bytes":	66846720,
				"bits_per_second":	267378050.91654491,
				"retransmits":	0,
				"omitted":	false
			}
		}, {
			"streams":	[{
					"socket":	5,
					"start":	24.00009298324585,
					"end":	26.000075817108154,
					"seconds":	1.9999828338623047,
					"bytes":	70778880,
					"bits_per_second":	283117950.02085704,
					"retransmits":	0,
					"snd_cwnd":	3408592,
					"rtt":	87409,
					"rttvar":	155,
					"pmtu":	1500,
					"omitted":	false
				}],