{
	"start":	{
		"connected":	[{
				"socket":	5,
				"local_host":	"192.168.1.1",
				"local_port":	36558,
				"remote_host":	"192.168.4.2",
				"remote_port":	5201
			}],
		"version":	"iperf 3.5",
		"system_info":	"Linux h1 4.18.0-513.5.1.el8_9.x86_64 #1 SMP Fri Nov 17 03:31:10 UTC 2023 x86_64",
		"timestamp":	{
			"time":	"Tue, 30 Jan 2024 05:15:48 GMT",
			"timesecs":	1706591748
		},
		"connecting_to":	{
			"host":	"192.168.4.2",
			"port":	5201
		},
		"cookie":	"q2274uxkqbmejhpfp5edauaf4erwkv54qvis",
		"tcp_mss_default":	1448,
		"sock_bufsize":	0,
		"sndbuf_actual":	16384,
		"rcvbuf_actual":	87380,
		"test_start":	{
			"protocol":	"TCP",
			"num_streams":	1,
			"blksize":	131072,
			"omit":	0,
			"duration":	0,
			"bytes":	1073741824,
			"blocks":	0,
			"reverse":	0,
			"tos":	0
		}
	},
	"intervals":	[{
			"streams":	[{
					"socket":	5,
					"start":	0,
					"end":	2.00006103515625,
					"seconds":	2.00006103515625,
					"bytes":	46425088,
					"bits_per_second":	185694685.04794165,
					"retransmits":	0,
					"snd_cwnd":	9277336,
					"rtt":	87078,
					"rttvar":	45,
					"pmtu":	1500,
					"omitted":	false
				}],
			"sum":	{
				"start":	0,
				"end":	2.00006103515625,
				"seconds":	2.00006103515625,
				"bytes":	46425088,
				"bits_per_second":	185694685.04794165,
				"retransmits":	0,
				"omitted":	false
			}
		}, {
			"streams":	[{
					"socket":	5,
					"start":	2.00006103515625,
					"end":	4.0000588893890381,
					"seconds":	1.9999978542327881,
					"bytes":	69468160,
					"bits_per_second":	277872938.12531984,
					"retransmits":	0,
					"snd_cwnd":	9277336,
					"rtt":	87092,
					"rttvar":	111,
					"pmtu":	1500,
					"omitted":	false
				}],
			"sum":	{
				"start":	2.00006103515625,
				"end":	4.0000588893890381,
				"seconds":	1.9999978542327881,
				"bytes":	69468160,
				"bits_per_second":	277872938.12531984,
				"retransmits":	0,
				"omitted":	false
			}
		}, {
			"streams":	[{
					"socket":	5,
					"start":	4.0000588893890381,
					"end":	6.0000588893890381,
					"seconds":	2,
					"bytes":	69468160,
					"bits_per_second":	277872640,
					"retransmits":	0,
					"snd_cwnd":	9277336,
					"rtt":	87095,
					"rttvar":	56,
					"pmtu":	1500,
					"omitted":	false
				}],
			"sum":	{
				"start":	4.0000588893890381,
				"end":	6.0000588893890381,
				"seconds":	2,
				"bytes":	69468160,
				"bits_per_second":	277872640,
				"retransmits":	0,
				"omitted":	false
			}
		}, {
			"streams":	[{
					"socket":	5,
					"start":	6.0000588893890381,
					"end":	8.0000739097595215,
					"seconds":	2.0000150203704834,
					"bytes":	69468160,
					"bits_per_second":	277870553.14067268,
					"retransmits":	0,
					"snd_cwnd":	9277336,
					"rtt":	87140,
					"rttvar":	57,
					"pmtu":	1500,
					"omitted":	false
				}],
			"sum":	{
				"start":	6.0000588893890381,
				"end":	8.0000739097595215,
				"seconds":	2.0000150203704834,
				"bytes":	69468160,
				"bits_per_second":	277870553.14067268,
				"retransmits":	0,
				"omitted":	false
			}
		}, {
			"streams":	[{
					"socket":	5,
					"start":	8.0000739097595215,
					"end":	10.000071048736572,
					"seconds":	1.9999971389770508,
					"bytes":	70778880,
					"bits_per_second":	283115925.00057936,
					"retransmits":	0,
					"snd_cwnd":	9277336,
					"rtt":	87227,
					"rttvar":	56,
					"pmtu":	1500,
					"omitted":	false
				}],
			"sum":	{
				"start":	8.0000739097595215,
				"end":	10.000071048736572,
				"seconds":	1.9999971389770508,
				"bytes":	70778880,
				"bits_per_second":	283115925.00057936,
				"retransmits":	0,
				"omitted":	false
			}
		}, {
			"streams":	[{
					"socket":	5,
					"start":	10.000071048736572,
					"end":	12.000071048736572,
					"seconds":	2,
					"bytes":	69468160,
					"bits_per_second":	277872640,
					"retransmits":	0,
					"snd_cwnd":	9277336,
					"rtt":	87168,
					"rttvar":	87,
					"pmtu":	1500,
					"omitted":	false
				}],
			"sum":	{
				"start":	10.000071048736572,
				"end":	12.000071048736572,
				"seconds":	2,
				"bytes":	69468160,
				"bits_per_second":	277872640,
				"retransmits":	0,
				"omitted":	false
			}
		}, {
			"streams":	[{
					"socket":	5,
					"start":	12.000071048736572,
					"end":	14.000072002410889,
					"seconds":	2.0000009536743164,
					"bytes":	69468160,
					"bits_per_second":	277872507.50006318,
					"retransmits":	0,
					"snd_cwnd":	9277336,
					"rtt":	87145,
					"rttvar":	124,
					"pmtu":	1500,
					"omitted":	false
				}],
			"sum":	{
				"start":	12.000071048736572,
				"end":	14.000072002410889,
				"seconds":	2.0000009536743164,
				"bytes":	69468160,
				"bits_per_second":	277872507.50006318,
				"retransmits":	0,
				"omitted":	false
			}
		}, {
			"streams":	[{
					"socket":	5,
					"start":	14.000072002410889,
					"end":	16.000073909759521,
					"seconds":	2.0000019073486328,
					"bytes":	69468160,
					"bits_per_second":	277872375.00025272,
					"retransmits":	0,
					"snd_cwnd":	9277336,
					"rtt":	87124,
					"rttvar":	85,
					"pmtu":	1500,
					"omitted":	false
				}],
			"sum":	{
				"start":	14.000072002410889,
				"end":	16.000073909759521,
				"seconds":	2.0000019073486328,
				"bytes":	69468160,
				"bits_per_second":	277872375.00025272,
				"retransmits":	0,
				"omitted":	false
			}
		}, {
			"streams":	[{
					"socket":	5,
					"start":	16.000073909759521,
					"end":	18.000056028366089,
					"seconds":	1.9999821186065674,
					"bytes":	70778880,
					"bits_per_second":	283118051.27263135,
					"retransmits":	0,
					"snd_cwnd":	9277336,
					"rtt":	87128,
					"rttvar":	77,
					"pmtu":	1500,
					"omitted":	false
				}],
			"sum":	{
				"start":	16.000073909759521,
				"end":	18.000056028366089,
				"seconds":	1.9999821186065674,
				"bytes":	70778880,
				"bits_per_second":	283118051.27263135,
				"retransmits":	0,
				"omitted":	false
			}
		}, {
			"streams":	[{
					"socket":	5,
					"start":	18.000056028366089,
					"end":	20.000058889389038,
					"seconds":	2.0000028610229492,
					"bytes":	69468160,
					"bits_per_second":	277872242.50056863,
					"retransmits":	0,
					"snd_cwnd":	9277336,
					"rtt":	87098,
					"rttvar":	63,
					"pmtu":	1500,
					"omitted":	false
				}],
			"sum":	{
				"start":	18.000056028366089,
				"end":	20.000058889389038,
				"seconds":	2.0000028610229492,
				"bytes":	69468160,
				"bits_per_second":	277872242.50056863,
				"retransmits":	0,
				"omitted":	false
			}
		}, {
			"streams":	[{
					"socket":	5,
					"start":	20.000058889389038,
					"end":	22.00011682510376,
					"seconds":	2.0000579357147217,
					"bytes":	66846720,
					"bits_per_second":	267379134.59936765,
					"retransmits":	0,
					"snd_cwnd":	5792,
					"rtt":	87124,
					"rttvar":	102,
					"pmtu":	1500,
					"omitted":	false
				}],
			"sum":	{
				"start":	20.000058889389038,
				"end":	22.00011682510376,
				"seconds":	2.0000579357147217,
				"bytes":	66846720,
				"bits_per_second":	267379134.59936765,
				"retransmits":	0,
				"omitted":	false
			}
		}, {
			"streams":	[{
					"socket":	5,
					"start":	22.00011682510376,
					"end":	24.0000638961792,
					"seconds":	1.9999470710754395,
					"bytes":	61603840,
					"bits_per_second":	246421881.42258593,
					"retransmits":	0,
					"snd_cwnd":	9277336,
					"rtt":	87059,
					"rttvar":	70,
					"pmtu":	1500,
					"omitted":	false
				}],
			"sum":	{
				"start":	22.00011682510376,
				"end":	24.0000638961792,
				"seconds":	1.9999470710754395,
				"bytes":	61603840,
				"bits_per_second":	246421881.42258593,
				"retransmits":	0,
				"omitted":	false
			}
		}, {
			"streams":	[{
					"socket":	5,
					"start":	24.0000638961792,
					"end":	26.000069856643677,
					"seconds":	2.0000059604644775,
					"bytes":	69468160,
					"bits_per_second":	277871811.877468,
					"retransmits":	0,
					"snd_cwnd":	9277336,
					"rtt":	87094,
					"rttvar":	132,
					"pmtu":	1500,
					"omitted":	false
				}],
			"sum":	{
				"start":	24.0000638961792,
				"end":	26.000069856643677,
				"seconds":	2.0000059604644775,