{
	"start":	{
		"connected":	[{
				"socket":	5,
				"local_host":	"192.168.1.1",
				"local_port":	48626,
				"remote_host":	"192.168.4.2",
				"remote_port":	5201
			}],
		"version":	"iperf 3.5",
		"system_info":	"Linux h1 4.18.0-513.5.1.el8_9.x86_64 #1 SMP Fri Nov 17 03:31:10 UTC 2023 x86_64",
		"timestamp":	{
			"time":	"Tue, 30 Jan 2024 04:51:32 GMT",
			"timesecs":	1706590292
		},
		"connecting_to":	{
			"host":	"192.168.4.2",
			"port":	5201
		},
		"cookie":	"toz7hfr3jvrxsteo56dnld6pa7yndpsy7wpm",
		"tcp_mss_default":	1448,
		"sock_bufsize":	0,
		"sndbuf_actual":	16384,
		"rcvbuf_actual":	87380,
		"test_start":	{
			"protocol":	"TCP",
			"num_streams":	1,
			"blksize":	131072,
			"omit":	0,
			"duration":	0,
			"bytes":	1073741824,
			"blocks":	0,
			"reverse":	0,
			"tos":	0
		}
	},
	"intervals":	[{
			"streams":	[{
					"socket":	5,
					"start":	0,
					"end":	2.0000920295715332,
					"seconds":	2.0000920295715332,
					"bytes":	46400264,
					"bits_per_second":	185592516.00013638,
					"retransmits":	0,
					"snd_cwnd":	4637944,
					"rtt":	87244,
					"rttvar":	27,
					"pmtu":	1500,
					"omitted":	false
				}],
			"sum":	{
				"start":	0,
				"end":	2.0000920295715332,
				"seconds":	2.0000920295715332,
				"bytes":	46400264,
				"bits_per_second":	185592516.00013638,
				"retransmits":	0,
				"omitted":	false
			}
		}, {
			"streams":	[{
					"socket":	5,
					"start":	2.0000920295715332,
					"end":	4.0000820159912109,
					"seconds":	1.9999899864196777,
					"bytes":	70778880,
					"bits_per_second":	283116937.50709718,
					"retransmits":	0,
					"snd_cwnd":	4637944,
					"rtt":	87493,
					"rttvar":	195,
					"pmtu":	1500,
					"omitted":	false
				}],
			"sum":	{
				"start":	2.0000920295715332,
				"end":	4.0000820159912109,
				"seconds":	1.9999899864196777,
				"bytes":	70778880,
				"bits_per_second":	283116937.50709718,
				"retransmits":	0,
				"omitted":	false
			}
		}, {
			"streams":	[{
					"socket":	5,
					"start":	4.0000820159912109,
					"end":	6.0000650882720947,
					"seconds":	1.9999830722808838,
					"bytes":	69468160,
					"bits_per_second":	277874991.8949061,
					"retransmits":	90,
					"snd_cwnd":	3246416,
					"rtt":	92618,
					"rttvar":	10170,
					"pmtu":	1500,
					"omitted":	false
				}],
			"sum":	{
				"start":	4.0000820159912109,
				"end":	6.0000650882720947,
				"seconds":	1.9999830722808838,
				"bytes":	69468160,
				"bits_per_second":	277874991.8949061,
				"retransmits":	90,
				"omitted":	false
			}
		}, {
			"streams":	[{
					"socket":	5,
					"start":	6.0000650882720947,
					"end":	8.0000619888305664,
					"seconds":	1.9999969005584717,
					"bytes":	56360960,
					"bits_per_second":	225444189.37554145,
					"retransmits":	33,
					"snd_cwnd":	2490560,
					"rtt":	87269,
					"rttvar":	128,
					"pmtu":	1500,
					"omitted":	false
				}],
			"sum":	{
				"start":	6.0000650882720947,
				"end":	8.0000619888305664,
				"seconds":	1.9999969005584717,
				"bytes":	56360960,
				"bits_per_second":	225444189.37554145,
				"retransmits":	33,
				"omitted":	false
			}
		}, {
			"streams":	[{
					"socket":	5,
					"start":	8.0000619888305664,
					"end":	10.000065088272095,
					"seconds":	2.0000030994415283,
					"bytes":	58982400,
					"bits_per_second":	235929234.3755666,
					"retransmits":	0,
					"snd_cwnd":	2649840,
					"rtt":	87201,
					"rttvar":	36,
					"pmtu":	1500,
					"omitted":	false
				}],
			"sum":	{
				"start":	8.0000619888305664,
				"end":	10.000065088272095,
				"seconds":	2.0000030994415283,
				"bytes":	58982400,
				"bits_per_second":	235929234.3755666,
				"retransmits":	0,
				"omitted":	false
			}
		}, {
			"streams":	[{
					"socket":	5,
					"start":	10.000065088272095,
					"end":	12.000067949295044,
					"seconds":	2.0000028610229492,
					"bytes":	61603840,
					"bits_per_second":	246415007.50050426,
					"retransmits":	0,
					"snd_cwnd":	2728032,
					"rtt":	87179,
					"rttvar":	120,
					"pmtu":	1500,
					"omitted":	false
				}],
			"sum":	{
				"start":	10.000065088272095,
				"end":	12.000067949295044,
				"seconds":	2.0000028610229492,
				"bytes":	61603840,
				"bits_per_second":	246415007.50050426,
				"retransmits":	0,
				"omitted":	false
			}
		}, {
			"streams":	[{
					"socket":	5,
					"start":	12.000067949295044,
					"end":	14.000066041946411,
					"seconds":	1.9999980926513672,
					"bytes":	62914560,
					"bits_per_second":	251658480.00022888,
					"retransmits":	0,
					"snd_cwnd":	2756992,
					"rtt":	87271,
					"rttvar":	69,
					"pmtu":	1500,
					"omitted":	false
				}],
			"sum":	{
				"start":	12.000067949295044,
				"end":	14.000066041946411,
				"seconds":	1.9999980926513672,
				"bytes":	62914560,
				"bits_per_second":	251658480.00022888,
				"retransmits":	0,
				"omitted":	false
			}
		}, {
			"streams":	[{
					"socket":	5,
					"start":	14.000066041946411,
					"end":	16.000066995620728,
					"seconds":	2.0000009536743164,
					"bytes":	62914560,
					"bits_per_second":	251658120.00005722,
					"retransmits":	0,
					"snd_cwnd":	2758440,
					"rtt":	87172,
					"rttvar":	66,
					"pmtu":	1500,
					"omitted":	false
				}],
			"sum":	{
				"start":	14.000066041946411,
				"end":	16.000066995620728,
				"seconds":	2.0000009536743164,
				"bytes":	62914560,
				"bits_per_second":	251658120.00005722,
				"retransmits":	0,
				"omitted":	false
			}
		}, {
			"streams":	[{
					"socket":	5,
					"start":	16.000066995620728,
					"end":	18.00006103515625,
					"seconds":	1.9999940395355225,
					"bytes":	62914560,
					"bits_per_second":	251658990.00223517,
					"retransmits":	0,
					"snd_cwnd":	2765680,
					"rtt":	87114,
					"rttvar":	54,
					"pmtu":	1500,
					"omitted":	false
				}],
			"sum":	{
				"start":	16.000066995620728,
				"end":	18.00006103515625,
				"seconds":	1.9999940395355225,
				"bytes":	62914560,
				"bits_per_second":	251658990.00223517,
				"retransmits":	0,
				"omitted":	false
			}
		}, {
			"streams":	[{
					"socket":	5,
					"start":	18.00006103515625,
					"end":	20.000063180923462,
					"seconds":	2.0000021457672119,
					"bytes":	62914560,
					"bits_per_second":	251657970.00028968,
					"retransmits":	0,
					"snd_cwnd":	2803328,
					"rtt":	87112,
					"rttvar":	50,
					"pmtu":	1500,
					"omitted":	false
				}],
			"sum":	{
				"start":	18.00006103515625,
				"end":	20.000063180923462,
				"seconds":	2.0000021457672119,
				"bytes":	62914560,
				"bits_per_second":	251657970.00028968,
				"retransmits":	0,
				"omitted":	false
			}
		}, {
			"streams":	[{
					"socket":	5,
					"start":	20.000063180923462,
					"end":	22.000061988830566,
					"seconds":	1.9999988079071045,
					"bytes":	64225280,
					"bits_per_second":	256901273.12509128,
					"retransmits":	0,
					"snd_cwnd":	2898896,
					"rtt":	87129,
					"rttvar":	105,
					"pmtu":	1500,
					"omitted":	false
				}],
			"sum":	{
				"start":	20.000063180923462,
				"end":	22.000061988830566,
				"seconds":	1.9999988079071045,
				"bytes":	64225280,
				"bits_per_second":	256901273.12509128,
				"retransmits":	0,
				"omitted":	false
			}
		}, {
			"streams":	[{
					"socket":	5,
					"start":	22.000061988830566,
					"end":	24.000066995620728,
					"seconds":	2.0000050067901611,
					"bytes":	66846720,
					"bits_per_second":	267386210.6266757,
					"retransmits":	0,
					"snd_cwnd":	3081344,
					"rtt":	87258,
					"rttvar":	164,
					"pmtu":	1500,
					"omitted":	false
				}],
			"sum":	{
				"start":	22.000061988830566,
				"end":	24.000066995620728,
				"seconds":	2.0000050067901611,
				"bytes":	66846720,
				"bits_per_second":	267386210.6266757,
				"retransmits":	0,
				"omitted":	false
			}
		}, {
			"streams":	[{
					"socket":	5,
					"start":	24.000066995620728,
					"end":	26.000069141387939,
					"seconds":	2.0000021457672119,
					"bytes":	69468160,
					"bits_per_second":	277872341.87531984,
					"retransmits":	74,
					"snd_cwnd":	2202408,
					"rtt":	87811,
					"rttvar":	286,
					"pmtu":	1500,