{
	"start":	{
		"connected":	[{
				"socket":	5,
				"local_host":	"192.168.1.1",
				"local_port":	40258,
				"remote_host":	"192.168.4.2",
				"remote_port":	5201
			}],
		"version":	"iperf 3.5",
		"system_info":	"Linux h1 4.18.0-513.5.1.el8_9.x86_64 #1 SMP Fri Nov 17 03:31:10 UTC 2023 x86_64",
		"timestamp":	{
			"time":	"Tue, 30 Jan 2024 00:55:13 GMT",
			"timesecs":	1706576113
		},
		"connecting_to":	{
			"host":	"192.168.4.2",
			"port":	5201
		},
		"cookie":	"ky5e2ebislpl27rhjt5g3zpjwvplfflbvoji",
		"tcp_mss_default":	1448,
		"sock_bufsize":	0,
		"sndbuf_actual":	16384,
		"rcvbuf_actual":	87380,
		"test_start":	{
			"protocol":	"TCP",
			"num_streams":	1,
			"blksize":	131072,
			"omit":	0,
			"duration":	0,
			"bytes":	1073741824,
			"blocks":	0,
			"reverse":	0,
			"tos":	0
		}
	},
	"intervals":	[{
			"streams":	[{
					"socket":	5,
					"start":	0,
					"end":	2.0000960826873779,
					"seconds":	2.0000960826873779,
					"bytes":	46928040,
					"bits_per_second":	187703142.4888202,
					"retransmits":	0,
					"snd_cwnd":	6311832,
					"rtt":	87361,
					"rttvar":	44,
					"pmtu":	1500,
					"omitted":	false
				}],
			"sum":	{
				"start":	0,
				"end":	2.0000960826873779,
				"seconds":	2.0000960826873779,
				"bytes":	46928040,
				"bits_per_second":	187703142.4888202,
				"retransmits":	0,
				"omitted":	false
			}
		}, {
			"streams":	[{
					"socket":	5,
					"start":	2.0000960826873779,
					"end":	4.0000760555267334,
					"seconds":	1.9999799728393555,
					"bytes":	68157440,
					"bits_per_second":	272632490.02733737,
					"retransmits":	197,
					"snd_cwnd":	3146504,
					"rtt":	87305,
					"rttvar":	133,
					"pmtu":	1500,
					"omitted":	false
				}],
			"sum":	{
				"start":	2.0000960826873779,
				"end":	4.0000760555267334,
				"seconds":	1.9999799728393555,
				"bytes":	68157440,
				"bits_per_second":	272632490.02733737,
				"retransmits":	197,
				"omitted":	false
			}
		}, {
			"streams":	[{
					"socket":	5,
					"start":	4.0000760555267334,
					"end":	6.0000638961791992,
					"seconds":	1.9999878406524658,
					"bytes":	70778880,
					"bits_per_second":	283117241.26046473,
					"retransmits":	0,
					"snd_cwnd":	3146504,
					"rtt":	92413,
					"rttvar":	10139,
					"pmtu":	1500,
					"omitted":	false
				}],
			"sum":	{
				"start":	4.0000760555267334,
				"end":	6.0000638961791992,
				"seconds":	1.9999878406524658,
				"bytes":	70778880,
				"bits_per_second":	283117241.26046473,
				"retransmits":	0,
				"omitted":	false
			}
		}, {
			"streams":	[{
					"socket":	5,
					"start":	6.0000638961791992,
					"end":	8.0000669956207275,
					"seconds":	2.0000030994415283,
					"bytes":	69468160,
					"bits_per_second":	277872209.37566733,
					"retransmits":	0,
					"snd_cwnd":	3146504,
					"rtt":	88003,
					"rttvar":	64,
					"pmtu":	1500,
					"omitted":	false
				}],
			"sum":	{
				"start":	6.0000638961791992,
				"end":	8.0000669956207275,
				"seconds":	2.0000030994415283,
				"bytes":	69468160,
				"bits_per_second":	277872209.37566733,
				"retransmits":	0,
				"omitted":	false
			}
		}, {
			"streams":	[{
					"socket":	5,
					"start":	8.0000669956207275,
					"end":	10.000064849853516,
					"seconds":	1.9999978542327881,
					"bytes":	70778880,
					"bits_per_second":	283115823.75032592,
					"retransmits":	0,
					"snd_cwnd":	3146504,
					"rtt":	87449,
					"rttvar":	131,
					"pmtu":	1500,
					"omitted":	false
				}],
			"sum":	{
				"start":	8.0000669956207275,
				"end":	10.000064849853516,
				"seconds":	1.9999978542327881,
				"bytes":	70778880,
				"bits_per_second":	283115823.75032592,
				"retransmits":	0,
				"omitted":	false
			}
		}, {
			"streams":	[{
					"socket":	5,
					"start":	10.000064849853516,
					"end":	12.000064849853516,
					"seconds":	2,
					"bytes":	70778880,
					"bits_per_second":	283115520,
					"retransmits":	0,
					"snd_cwnd":	3146504,
					"rtt":	87242,
					"rttvar":	55,
					"pmtu":	1500,
					"omitted":	false
				}],
			"sum":	{
				"start":	10.000064849853516,
				"end":	12.000064849853516,
				"seconds":	2,
				"bytes":	70778880,
				"bits_per_second":	283115520,
				"retransmits":	0,
				"omitted":	false
			}
		}, {
			"streams":	[{
					"socket":	5,
					"start":	12.000064849853516,
					"end":	14.000066041946411,
					"seconds":	2.0000011920928955,
					"bytes":	68157440,
					"bits_per_second":	272629597.50009686,
					"retransmits":	0,
					"snd_cwnd":	3146504,
					"rtt":	87249,
					"rttvar":	127,
					"pmtu":	1500,
					"omitted":	false
				}],
			"sum":	{
				"start":	12.000064849853516,
				"end":	14.000066041946411,
				"seconds":	2.0000011920928955,
				"bytes":	68157440,
				"bits_per_second":	272629597.50009686,
				"retransmits":	0,
				"omitted":	false
			}
		}, {
			"streams":	[{
					"socket":	5,
					"start":	14.000066041946411,
					"end":	16.000087022781372,
					"seconds":	2.0000209808349609,
					"bytes":	69468160,
					"bits_per_second":	277869725.03057927,
					"retransmits":	0,
					"snd_cwnd":	3146504,
					"rtt":	87320,
					"rttvar":	89,
					"pmtu":	1500,
					"omitted":	false
				}],
			"sum":	{
				"start":	14.000066041946411,
				"end":	16.000087022781372,
				"seconds":	2.0000209808349609,
				"bytes":	69468160,
				"bits_per_second":	277869725.03057927,
				"retransmits":	0,
				"omitted":	false
			}
		}, {
			"streams":	[{
					"socket":	5,
					"start":	16.000087022781372,
					"end":	18.00008487701416,
					"seconds":	1.9999978542327881,
					"bytes":	69468160,
					"bits_per_second":	277872938.12531984,
					"retransmits":	0,
					"snd_cwnd":	3146504,
					"rtt":	87287,
					"rttvar":	92,
					"pmtu":	1500,
					"omitted":	false
				}],
			"sum":	{
				"start":	16.000087022781372,
				"end":	18.00008487701416,
				"seconds":	1.9999978542327881,
				"bytes":	69468160,
				"bits_per_second":	277872938.12531984,
				"retransmits":	0,
				"omitted":	false
			}
		}, {
			"streams":	[{
					"socket":	5,
					"start":	18.00008487701416,
					"end":	20.00006890296936,
					"seconds":	1.9999840259552002,
					"bytes":	70778880,
					"bits_per_second":	283117781.2680608,
					"retransmits":	0,
					"snd_cwnd":	3146504,
					"rtt":	87300,
					"rttvar":	163,
					"pmtu":	1500,
					"omitted":	false
				}],
			"sum":	{
				"start":	18.00008487701416,
				"end":	20.00006890296936,
				"seconds":	1.9999840259552002,
				"bytes":	70778880,
				"bits_per_second":	283117781.2680608,
				"retransmits":	0,
				"omitted":	false
			}
		}, {
			"streams":	[{
					"socket":	5,
					"start":	20.00006890296936,
					"end":	22.000066041946411,
					"seconds":	1.9999971389770508,
					"bytes":	70778880,
					"bits_per_second":	283115925.00057936,
					"retransmits":	0,
					"snd_cwnd":	3146504,
					"rtt":	87229,
					"rttvar":	115,
					"pmtu":	1500,
					"omitted":	false
				}],
			"sum":	{
				"start":	20.00006890296936,
				"end":	22.000066041946411,
				"seconds":	1.9999971389770508,
				"bytes":	70778880,
				"bits_per_second":	283115925.00057936,
				"retransmits":	0,
				"omitted":	false
			}
		}, {
			"streams":	[{
					"socket":	5,
					"start":	22.000066041946411,
					"end":	24.000066041946411,
					"seconds":	2,
					"bytes":	69468160,
					"bits_per_second":	277872640,
					"retransmits":	0,
					"snd_cwnd":	3146504,
					"rtt":	87412,
					"rttvar":	97,
					"pmtu":	1500,
					"omitted":	false
				}],
			"sum":	{
				"start":	22.000066041946411,
				"end":	24.000066041946411,
				"seconds":	2,
				"bytes":	69468160,
				"bits_per_second":	277872640,
				"retransmits":	0,
				"omitted":	false
			}
		}, {
			"streams":	[{
					"socket":	5,
					"start":	24.000066041946411,
					"end":	26.000066995620728,
					"seconds":	2.0000009536743164,
					"bytes":	70778880,
					"bits_per_second":	283115385.00006437,
					"retransmits":	0,
					"snd_cwnd":	3146504,
					"rtt":	87237,
					"rttvar":	79,
					"pmtu":	1500,
					"omitted":	false
				}],
			"sum":	{
				"start":	24.000066041946411,
				"end":	26.000066995620728,