{
	"start":	{
		"connected":	[{
				"socket":	5,
				"local_host":	"192.168.1.1",
				"local_port":	55904,
				"remote_host":	"192.168.4.2",
				"remote_port":	5201
			}],
		"version":	"iperf 3.5",
		"system_info":	"Linux h1 4.18.0-513.5.1.el8_9.x86_64 #1 SMP Fri Nov 17 03:31:10 UTC 2023 x86_64",
		"timestamp":	{
			"time":	"Sun, 21 Jan 2024 22:38:44 GMT",
			"timesecs":	1705876724
		},
		"connecting_to":	{
			"host":	"192.168.4.2",
			"port":	5201
		},
		"cookie":	"dnfggac3psg3jkhlpatg4vu562ysxwx76dt5",
		"tcp_mss_default":	1448,
		"sock_bufsize":	0,
		"sndbuf_actual":	16384,
		"rcvbuf_actual":	87380,
		"test_start":	{
			"protocol":	"TCP",
			"num_streams":	1,
			"blksize":	131072,
			"omit":	0,
			"duration":	0,
			"bytes":	1073741824,
			"blocks":	0,
			"reverse":	0,
			"tos":	0
		}
	},
	"intervals":	[{
			"streams":	[{
					"socket":	5,
					"start":	0,
					"end":	2.0000910758972168,
					"seconds":	2.0000910758972168,
					"bytes":	47411208,
					"bits_per_second":	189636196.35663602,
					"retransmits":	0,
					"snd_cwnd":	6300248,
					"rtt":	87860,
					"rttvar":	144,
					"pmtu":	1500,
					"omitted":	false
				}],
			"sum":	{
				"start":	0,
				"end":	2.0000910758972168,
				"seconds":	2.0000910758972168,
				"bytes":	47411208,
				"bits_per_second":	189636196.35663602,
				"retransmits":	0,
				"omitted":	false
			}
		}, {
			"streams":	[{
					"socket":	5,
					"start":	2.0000910758972168,
					"end":	4.0000810623168945,
					"seconds":	1.9999899864196777,
					"bytes":	69468160,
					"bits_per_second":	277874031.25696576,
					"retransmits":	0,
					"snd_cwnd":	6300248,
					"rtt":	87402,
					"rttvar":	116,
					"pmtu":	1500,
					"omitted":	false
				}],
			"sum":	{
				"start":	2.0000910758972168,
				"end":	4.0000810623168945,
				"seconds":	1.9999899864196777,
				"bytes":	69468160,
				"bits_per_second":	277874031.25696576,
				"retransmits":	0,
				"omitted":	false
			}
		}, {
			"streams":	[{
					"socket":	5,
					"start":	4.0000810623168945,
					"end":	6.00007700920105,
					"seconds":	1.9999959468841553,
					"bytes":	70778880,
					"bits_per_second":	283116093.75116277,
					"retransmits":	0,
					"snd_cwnd":	6300248,
					"rtt":	87255,
					"rttvar":	189,
					"pmtu":	1500,
					"omitted":	false
				}],
			"sum":	{
				"start":	4.0000810623168945,
				"end":	6.00007700920105,
				"seconds":	1.9999959468841553,
				"bytes":	70778880,
				"bits_per_second":	283116093.75116277,
				"retransmits":	0,
				"omitted":	false
			}
		}, {
			"streams":	[{
					"socket":	5,
					"start":	6.00007700920105,
					"end":	8.0000739097595215,
					"seconds":	1.9999969005584717,
					"bytes":	70778880,
					"bits_per_second":	283115958.75067997,
					"retransmits":	0,
					"snd_cwnd":	6300248,
					"rtt":	87311,
					"rttvar":	58,
					"pmtu":	1500,
					"omitted":	false
				}],
			"sum":	{
				"start":	6.00007700920105,
				"end":	8.0000739097595215,
				"seconds":	1.9999969005584717,
				"bytes":	70778880,
				"bits_per_second":	283115958.75067997,
				"retransmits":	0,
				"omitted":	false
			}
		}, {
			"streams":	[{
					"socket":	5,
					"start":	8.0000739097595215,
					"end":	10.000071048736572,
					"seconds":	1.9999971389770508,
					"bytes":	69468160,
					"bits_per_second":	277873037.50056863,
					"retransmits":	0,
					"snd_cwnd":	6300248,
					"rtt":	87282,
					"rttvar":	19,
					"pmtu":	1500,
					"omitted":	false
				}],
			"sum":	{
				"start":	8.0000739097595215,
				"end":	10.000071048736572,
				"seconds":	1.9999971389770508,
				"bytes":	69468160,
				"bits_per_second":	277873037.50056863,
				"retransmits":	0,
				"omitted":	false
			}
		}, {
			"streams":	[{
					"socket":	5,
					"start":	10.000071048736572,
					"end":	12.000072956085205,
					"seconds":	2.0000019073486328,
					"bytes":	70778880,
					"bits_per_second":	283115250.00025749,
					"retransmits":	0,
					"snd_cwnd":	6300248,
					"rtt":	87518,
					"rttvar":	27,
					"pmtu":	1500,
					"omitted":	false
				}],
			"sum":	{
				"start":	10.000071048736572,
				"end":	12.000072956085205,
				"seconds":	2.0000019073486328,
				"bytes":	70778880,
				"bits_per_second":	283115250.00025749,
				"retransmits":	0,
				"omitted":	false
			}
		}, {
			"streams":	[{
					"socket":	5,
					"start":	12.000072956085205,
					"end":	14.000069141387939,
					"seconds":	1.9999961853027344,
					"bytes":	70778880,
					"bits_per_second":	283116060.00102997,
					"retransmits":	0,
					"snd_cwnd":	6300248,
					"rtt":	87073,
					"rttvar":	50,
					"pmtu":	1500,
					"omitted":	false
				}],
			"sum":	{
				"start":	12.000072956085205,
				"end":	14.000069141387939,
				"seconds":	1.9999961853027344,
				"bytes":	70778880,
				"bits_per_second":	283116060.00102997,
				"retransmits":	0,
				"omitted":	false
			}
		}, {
			"streams":	[{
					"socket":	5,
					"start":	14.000069141387939,
					"end":	16.000066995620728,
					"seconds":	1.9999978542327881,
					"bytes":	69468160,
					"bits_per_second":	277872938.12531984,
					"retransmits":	0,
					"snd_cwnd":	6300248,
					"rtt":	87318,
					"rttvar":	48,
					"pmtu":	1500,
					"omitted":	false
				}],
			"sum":	{
				"start":	14.000069141387939,
				"end":	16.000066995620728,
				"seconds":	1.9999978542327881,
				"bytes":	69468160,
				"bits_per_second":	277872938.12531984,
				"retransmits":	0,
				"omitted":	false
			}
		}, {
			"streams":	[{
					"socket":	5,
					"start":	16.000066995620728,
					"end":	18.000066041946411,
					"seconds":	1.9999990463256836,
					"bytes":	70778880,
					"bits_per_second":	283115655.00006437,
					"retransmits":	0,
					"snd_cwnd":	6300248,
					"rtt":	87266,
					"rttvar":	130,
					"pmtu":	1500,
					"omitted":	false
				}],
			"sum":	{
				"start":	16.000066995620728,
				"end":	18.000066041946411,
				"seconds":	1.9999990463256836,
				"bytes":	70778880,
				"bits_per_second":	283115655.00006437,
				"retransmits":	0,
				"omitted":	false
			}
		}, {
			"streams":	[{
					"socket":	5,
					"start":	18.000066041946411,
					"end":	20.000067949295044,
					"seconds":	2.0000019073486328,
					"bytes":	69468160,
					"bits_per_second":	277872375.00025272,
					"retransmits":	0,
					"snd_cwnd":	6300248,
					"rtt":	87232,
					"rttvar":	138,
					"pmtu":	1500,
					"omitted":	false
				}],
			"sum":	{
				"start":	18.000066041946411,
				"end":	20.000067949295044,
				"seconds":	2.0000019073486328,
				"bytes":	69468160,
				"bits_per_second":	277872375.00025272,
				"retransmits":	0,
				"omitted":	false
			}
		}, {
			"streams":	[{
					"socket":	5,
					"start":	20.000067949295044,
					"end":	22.000088930130005,
					"seconds":	2.0000209808349609,
					"bytes":	68157440,
					"bits_per_second":	272626900.0300023,
					"retransmits":	0,
					"snd_cwnd":	6300248,
					"rtt":	87210,
					"rttvar":	68,
					"pmtu":	1500,
					"omitted":	false
				}],
			"sum":	{
				"start":	20.000067949295044,
				"end":	22.000088930130005,
				"seconds":	2.0000209808349609,
				"bytes":	68157440,
				"bits_per_second":	272626900.0300023,
				"retransmits":	0,
				"omitted":	false
			}
		}, {
			"streams":	[{
					"socket":	5,
					"start":	22.000088930130005,
					"end":	24.00021505355835,
					"seconds":	2.0001261234283447,
					"bytes":	70778880,
					"bits_per_second":	283097667.37581706,
					"retransmits":	0,
					"snd_cwnd":	6300248,
					"rtt":	87377,
					"rttvar":	92,
					"pmtu":	1500,
					"omitted":	false
				}],
			"sum":	{
				"start":	22.000088930130005,
				"end":	24.00021505355835,
				"seconds":	2.0001261234283447,
				"bytes":	70778880,
				"bits_per_second":	283097667.37581706,
				"retransmits":	0,
				"omitted":	false
			}
		}, {
			"streams":	[{
					"socket":	5,
					"start":	24.00021505355835,
					"end":	26.000087022781372,
					"seconds":	1.9998719692230225,
					"bytes":	69468160,
					"bits_per_second":	277890429.26378661,
					"retransmits":	0,
					"snd_cwnd":	6300248,
					"rtt":	87213,
					"rttvar":	30,
					"pmtu":	1500,
					"omitted":	false
				}],