{
	"start":	{
		"connected":	[{
				"socket":	5,
				"local_host":	"192.168.1.1",
				"local_port":	41038,
				"remote_host":	"192.168.4.2",
				"remote_port":	5201
			}],
		"version":	"iperf 3.5",
		"system_info":	"Linux h1 4.18.0-513.5.1.el8_9.x86_64 #1 SMP Fri Nov 17 03:31:10 UTC 2023 x86_64",
		"timestamp":	{
			"time":	"Sun, 21 Jan 2024 22:40:10 GMT",
			"timesecs":	1705876810
		},
		"connecting_to":	{
			"host":	"192.168.4.2",
			"port":	5201
		},
		"cookie":	"7n3kao6i3xt4bvptcacznqwerbeuqvkw436d",
		"tcp_mss_default":	1448,
		"sock_bufsize":	0,
		"sndbuf_actual":	16384,
		"rcvbuf_actual":	87380,
		"test_start":	{
			"protocol":	"TCP",
			"num_streams":	1,
			"blksize":	131072,
			"omit":	0,
			"duration":	0,
			"bytes":	1073741824,
			"blocks":	0,
			"reverse":	0,
			"tos":	0
		}
	},
	"intervals":	[{
			"streams":	[{
					"socket":	5,
					"start":	0,
					"end":	2.0000309944152832,
					"seconds":	2.0000309944152832,
					"bytes":	46838016,
					"bits_per_second":	187349160.61115652,
					"retransmits":	0,
					"snd_cwnd":	9300504,
					"rtt":	87087,
					"rttvar":	117,
					"pmtu":	1500,
					"omitted":	false
				}],
			"sum":	{
				"start":	0,
				"end":	2.0000309944152832,
				"seconds":	2.0000309944152832,
				"bytes":	46838016,
				"bits_per_second":	187349160.61115652,
				"retransmits":	0,
				"omitted":	false
			}
		}, {
			"streams":	[{
					"socket":	5,
					"start":	2.0000309944152832,
					"end":	4.0000619888305664,
					"seconds":	2.0000309944152832,
					"bytes":	69468160,
					"bits_per_second":	277868333.81673384,
					"retransmits":	0,
					"snd_cwnd":	9300504,
					"rtt":	87074,
					"rttvar":	133,
					"pmtu":	1500,
					"omitted":	false
				}],
			"sum":	{
				"start":	2.0000309944152832,
				"end":	4.0000619888305664,
				"seconds":	2.0000309944152832,
				"bytes":	69468160,
				"bits_per_second":	277868333.81673384,
				"retransmits":	0,
				"omitted":	false
			}
		}, {
			"streams":	[{
					"socket":	5,
					"start":	4.0000619888305664,
					"end":	6.00006103515625,
					"seconds":	1.9999990463256836,
					"bytes":	69468160,
					"bits_per_second":	277872772.50006318,
					"retransmits":	0,
					"snd_cwnd":	9300504,
					"rtt":	87019,
					"rttvar":	70,
					"pmtu":	1500,
					"omitted":	false
				}],
			"sum":	{
				"start":	4.0000619888305664,
				"end":	6.00006103515625,
				"seconds":	1.9999990463256836,
				"bytes":	69468160,
				"bits_per_second":	277872772.50006318,
				"retransmits":	0,
				"omitted":	false
			}
		}, {
			"streams":	[{
					"socket":	5,
					"start":	6.00006103515625,
					"end":	8.0000650882720947,
					"seconds":	2.0000040531158447,
					"bytes":	69468160,
					"bits_per_second":	277872076.87614119,
					"retransmits":	0,
					"snd_cwnd":	9300504,
					"rtt":	86949,
					"rttvar":	61,
					"pmtu":	1500,
					"omitted":	false
				}],
			"sum":	{
				"start":	6.00006103515625,
				"end":	8.0000650882720947,
				"seconds":	2.0000040531158447,
				"bytes":	69468160,
				"bits_per_second":	277872076.87614119,
				"retransmits":	0,
				"omitted":	false
			}
		}, {
			"streams":	[{
					"socket":	5,
					"start":	8.0000650882720947,
					"end":	10.000060081481934,
					"seconds":	1.9999949932098389,
					"bytes":	70778880,
					"bits_per_second":	283116228.75177431,
					"retransmits":	0,
					"snd_cwnd":	9300504,
					"rtt":	87021,
					"rttvar":	91,
					"pmtu":	1500,
					"omitted":	false
				}],
			"sum":	{
				"start":	8.0000650882720947,
				"end":	10.000060081481934,
				"seconds":	1.9999949932098389,
				"bytes":	70778880,
				"bits_per_second":	283116228.75177431,
				"retransmits":	0,
				"omitted":	false
			}
		}, {
			"streams":	[{
					"socket":	5,
					"start":	10.000060081481934,
					"end":	12.00006103515625,
					"seconds":	2.0000009536743164,
					"bytes":	69468160,
					"bits_per_second":	277872507.50006318,
					"retransmits":	0,
					"snd_cwnd":	9300504,
					"rtt":	87054,
					"rttvar":	85,
					"pmtu":	1500,
					"omitted":	false
				}],
			"sum":	{
				"start":	10.000060081481934,
				"end":	12.00006103515625,
				"seconds":	2.0000009536743164,
				"bytes":	69468160,
				"bits_per_second":	277872507.50006318,
				"retransmits":	0,
				"omitted":	false
			}
		}, {
			"streams":	[{
					"socket":	5,
					"start":	12.00006103515625,
					"end":	14.000061988830566,
					"seconds":	2.0000009536743164,
					"bytes":	58982400,
					"bits_per_second":	235929487.50005364,
					"retransmits":	0,
					"snd_cwnd":	9300504,
					"rtt":	87131,
					"rttvar":	53,
					"pmtu":	1500,
					"omitted":	false
				}],
			"sum":	{
				"start":	12.00006103515625,
				"end":	14.000061988830566,
				"seconds":	2.0000009536743164,
				"bytes":	58982400,
				"bits_per_second":	235929487.50005364,
				"retransmits":	0,
				"omitted":	false
			}
		}, {
			"streams":	[{
					"socket":	5,
					"start":	14.000061988830566,
					"end":	16.0000581741333,
					"seconds":	1.9999961853027344,
					"bytes":	70778880,
					"bits_per_second":	283116060.00102997,
					"retransmits":	0,
					"snd_cwnd":	9300504,
					"rtt":	87036,
					"rttvar":	104,
					"pmtu":	1500,
					"omitted":	false
				}],
			"sum":	{
				"start":	14.000061988830566,
				"end":	16.0000581741333,
				"seconds":	1.9999961853027344,
				"bytes":	70778880,
				"bits_per_second":	283116060.00102997,
				"retransmits":	0,
				"omitted":	false
			}
		}, {
			"streams":	[{
					"socket":	5,
					"start":	16.0000581741333,
					"end":	18.000064134597778,
					"seconds":	2.0000059604644775,
					"bytes":	68157440,
					"bits_per_second":	272628947.50242144,
					"retransmits":	0,
					"snd_cwnd":	9300504,
					"rtt":	86946,
					"rttvar":	80,
					"pmtu":	1500,
					"omitted":	false
				}],
			"sum":	{
				"start":	16.0000581741333,
				"end":	18.000064134597778,
				"seconds":	2.0000059604644775,
				"bytes":	68157440,
				"bits_per_second":	272628947.50242144,
				"retransmits":	0,
				"omitted":	false
			}
		}, {
			"streams":	[{
					"socket":	5,
					"start":	18.000064134597778,
					"end":	20.000076055526733,
					"seconds":	2.0000119209289551,
					"bytes":	69468160,
					"bits_per_second":	277870983.75987196,
					"retransmits":	0,
					"snd_cwnd":	9300504,
					"rtt":	87003,
					"rttvar":	61,
					"pmtu":	1500,
					"omitted":	false
				}],
			"sum":	{
				"start":	18.000064134597778,
				"end":	20.000076055526733,
				"seconds":	2.0000119209289551,
				"bytes":	69468160,
				"bits_per_second":	277870983.75987196,
				"retransmits":	0,
				"omitted":	false
			}
		}, {
			"streams":	[{
					"socket":	5,
					"start":	20.000076055526733,
					"end":	22.000064134597778,
					"seconds":	1.9999880790710449,
					"bytes":	70778880,
					"bits_per_second":	283117207.51005834,
					"retransmits":	0,
					"snd_cwnd":	9300504,
					"rtt":	87023,
					"rttvar":	75,
					"pmtu":	1500,
					"omitted":	false
				}],
			"sum":	{
				"start":	20.000076055526733,
				"end":	22.000064134597778,
				"seconds":	1.9999880790710449,
				"bytes":	70778880,
				"bits_per_second":	283117207.51005834,
				"retransmits":	0,
				"omitted":	false
			}
		}, {
			"streams":	[{
					"socket":	5,
					"start":	22.000064134597778,
					"end":	24.000063180923462,
					"seconds":	1.9999990463256836,
					"bytes":	69468160,
					"bits_per_second":	277872772.50006318,
					"retransmits":	0,
					"snd_cwnd":	9300504,
					"rtt":	87099,
					"rttvar":	147,
					"pmtu":	1500,
					"omitted":	false
				}],
			"sum":	{
				"start":	22.000064134597778,
				"end":	24.000063180923462,
				"seconds":	1.9999990463256836,
				"bytes":	69468160,
				"bits_per_second":	277872772.50006318,
				"retransmits":	0,
				"omitted":	false
			}
		}, {
			"streams":	[{
					"socket":	5,
					"start":	24.000063180923462,
					"end":	26.000061988830566,
					"seconds":	1.9999988079071045,
					"bytes":	70778880,
					"bits_per_second":	283115688.75010061,
					"retransmits":	0,
					"snd_cwnd":	9300504,
					"rtt":	87042,
					"rttvar":	75,
					"pmtu":	1500,
					"omitted":	false
				}],